,SPY,XLC,XLY,XLP,XLE,XLF,XLV,XLI,XLB,XLRE,XLK,XLU
2016-12-01,219.57,,81.89,50.25,74.61,22.9,68.25,62.82,49.96,29.55,46.52,46.38
2016-12-02,219.68,,81.44,50.57,74.83,22.65,68.41,62.81,49.98,29.83,46.69,46.8
2016-12-05,221.0,,82.33,50.63,75.49,22.92,68.29,62.76,50.37,30.07,47.14,46.86
2016-12-06,221.7,,82.52,50.78,75.35,23.12,68.48,62.88,50.43,30.2,47.28,46.77
2016-12-07,224.6,,84.12,51.51,75.95,23.48,67.89,64.05,51.15,30.83,48.18,47.38
2016-12-08,225.15,,84.12,51.3,76.36,23.7,68.02,63.69,51.49,30.99,48.3,47.46
2016-12-09,226.51,,84.31,52.04,76.6,23.75,68.85,63.98,51.5,30.97,48.65,47.96
2016-12-12,226.25,,83.61,52.25,76.96,23.52,69.18,63.75,51.27,31.29,48.5,48.46
2016-12-13,227.76,,84.36,52.49,77.83,23.58,69.74,63.66,51.19,31.37,49.11,48.96
2016-12-14,225.88,,83.79,51.92,76.27,23.47,69.38,63.02,50.58,30.82,48.94,47.95
2016-12-15,226.81,,83.59,52.14,76.44,23.67,69.83,63.09,50.91,30.57,49.16,48.29
2016-12-16,225.04,,82.69,52.05,76.51,23.36,69.58,62.58,50.42,30.44,48.59,48.41
2016-12-19,225.53,,82.91,52.15,76.16,23.37,69.29,62.93,50.32,30.71,48.94,48.59
2016-12-20,226.4,,83.57,52.05,75.99,23.66,69.24,63.29,50.36,30.73,49.12,48.65
2016-12-21,225.77,,83.53,52.04,76.11,23.6,68.85,63.05,50.38,30.34,49.02,48.45
2016-12-22,225.38,,82.63,51.96,76.42,23.54,68.94,62.93,50.17,30.3,48.92,48.62
2016-12-23,225.71,,82.45,52.06,76.35,23.58,69.46,62.99,50.27,30.33,48.97,48.61
2016-12-27,226.27,,82.77,52.05,76.52,23.61,69.6,63.12,50.54,30.41,49.17,48.65
2016-12-28,224.4,,82.2,51.73,75.69,23.37,69.07,62.46,50.03,30.18,48.73,48.19
2016-12-29,224.35,,82.09,51.97,75.54,23.2,69.19,62.44,50.03,30.46,48.74,48.84
2016-12-30,223.53,,81.4,51.71,75.32,23.25,68.94,62.22,49.7,30.75,48.36,48.57
2017-01-03,225.24,,81.88,51.9,76.17,23.51,69.84,62.59,49.99,30.85,48.79,48.45
2017-01-04,226.58,,82.97,51.9,76.01,23.7,70.39,62.96,50.72,31.24,48.96,48.63
2017-01-05,226.4,,82.91,52.07,75.82,23.46,70.75,62.78,50.57,31.4,49.04,48.68
2017-01-06,227.21,,83.32,52.12,75.89,23.54,70.95,63.14,50.62,31.4,49.4,48.83
2017-01-09,226.46,,83.25,51.7,74.79,23.38,71.25,62.65,50.61,31.2,49.39,48.19
2017-01-10,226.46,,83.55,51.44,74.11,23.43,71.5,62.91,50.64,30.81,49.4,48.04
2017-01-11,227.1,,83.73,51.54,74.91,23.58,70.78,63.24,51.05,30.64,49.63,48.54
2017-01-12,226.53,,83.65,51.49,74.6,23.38,70.85,62.98,50.95,30.76,49.51,48.58
2017-01-13,227.05,,83.96,51.52,74.38,23.51,70.92,63.22,50.87,30.69,49.66,48.51
2017-01-17,226.25,,84.1,52.25,74.84,22.95,70.56,62.73,50.64,30.94,49.47,49.04
2017-01-18,226.75,,83.95,52.43,74.67,23.14,70.47,62.97,50.96,31.01,49.6,48.98
2017-01-19,225.91,,83.69,52.24,74.26,23.04,70.02,63.43,50.64,30.71,49.53,48.55
2017-01-20,226.74,,83.93,52.58,74.54,23.15,69.84,63.44,51.09,30.9,49.8,48.64
2017-01-23,226.15,,83.99,52.56,73.75,23.0,69.55,63.09,51.19,31.09,49.89,48.39
2017-01-24,227.6,,84.68,52.91,74.56,23.29,69.07,63.72,52.51,31.1,50.2,48.38
2017-01-25,229.57,,85.2,52.9,74.95,23.68,69.72,64.39,52.86,30.91,50.68,48.38
2017-01-26,229.33,,85.33,52.67,75.01,23.74,69.18,64.54,53.0,30.89,50.54,48.4
2017-01-27,228.97,,85.06,52.38,74.23,23.65,69.75,64.49,52.81,30.63,50.74,48.39
2017-01-30,227.55,,84.96,52.34,72.87,23.46,69.41,63.94,52.27,30.46,50.33,48.43
2017-01-31,227.53,,84.83,52.59,72.9,23.31,70.52,63.38,51.96,30.71,50.08,49.18
2017-02-01,227.62,,84.67,52.18,72.36,23.34,71.13,63.27,52.22,30.37,50.46,48.33
2017-02-02,227.77,,84.6,52.66,72.77,23.25,71.11,63.15,51.99,30.73,50.36,48.84
2017-02-03,229.34,,84.49,53.0,73.4,23.72,71.42,63.62,52.08,30.93,50.69,48.9
2017-02-06,228.93,,84.24,52.71,72.78,23.61,71.5,63.71,51.94,30.74,50.72,48.8
2017-02-07,228.94,,84.16,53.14,71.75,23.55,71.57,63.82,51.53,30.68,50.92,48.92
2017-02-08,229.24,,84.68,53.36,71.92,23.39,71.46,63.73,51.65,30.94,51.01,49.4
2017-02-09,230.6,,85.21,53.58,72.73,23.71,71.72,64.22,51.63,31.07,51.17,48.98
2017-02-10,231.51,,85.73,53.62,73.28,23.78,71.86,64.73,52.1,31.28,51.32,49.29
2017-02-13,232.77,,85.83,53.62,73.42,24.05,72.3,65.38,52.53,31.43,51.55,49.53
2017-02-14,233.7,,86.32,53.63,73.66,24.33,72.87,65.41,52.52,31.27,51.72,49.17
2017-02-15,234.92,,86.77,54.12,73.37,24.52,73.66,65.76,52.45,31.18,51.89,49.05
2017-02-16,234.72,,86.33,54.19,72.37,24.46,73.56,65.78,52.45,31.31,52.01,49.54
2017-02-17,235.09,,86.61,54.46,71.97,24.47,73.66,65.89,52.3,31.4,52.19,49.57
2017-02-21,236.49,,87.11,54.95,72.46,24.59,73.99,66.22,52.47,31.83,52.46,50.09
2017-02-22,236.28,,87.11,54.96,71.36,24.61,73.88,66.04,52.61,31.71,52.52,50.3
2017-02-23,236.44,,86.52,55.09,71.66,24.61,74.42,65.61,52.32,31.92,52.51,50.82
2017-02-24,236.74,,86.92,55.28,70.99,24.42,74.78,65.89,52.43,32.08,52.63,51.59
2017-02-27,237.11,,87.02,55.03,71.6,24.55,75.14,66.13,52.3,32.24,52.6,51.3
2017-02-28,236.47,,86.37,55.1,71.38,24.54,74.99,65.86,52.25,32.14,52.35,51.77
2017-03-01,239.78,,87.34,55.36,72.81,25.24,75.74,66.97,53.27,32.06,53.09,51.31
2017-03-02,238.27,,87.13,55.35,72.12,24.85,75.5,66.25,52.7,31.96,52.74,51.68
2017-03-03,238.42,,87.0,55.14,71.99,24.97,75.8,66.32,52.66,31.86,52.86,51.52
2017-03-06,237.71,,86.72,54.9,72.15,24.78,75.51,66.16,52.32,31.73,52.78,51.42
2017-03-07,237.0,,86.44,54.83,71.51,24.71,74.98,65.97,52.03,31.62,52.78,51.39
2017-03-08,236.56,,86.8,54.71,69.65,24.72,75.28,65.74,52.03,31.15,52.84,50.65
2017-03-09,236.86,,86.72,54.8,70.11,24.81,75.69,65.44,51.87,30.75,52.83,50.54
2017-03-10,237.69,,86.85,55.05,70.01,24.79,75.98,65.84,52.11,30.72,53.11,50.96
2017-03-13,237.81,,87.08,55.09,70.02,24.85,75.92,65.8,52.26,30.76,53.16,51.11
2017-03-14,236.9,,87.06,54.93,69.23,24.78,75.64,65.18,51.81,30.72,53.04,51.06
2017-03-15,238.95,,87.52,55.34,70.77,24.74,76.59,65.92,52.64,31.31,53.4,51.88
2017-03-16,238.48,,87.51,55.42,70.27,24.78,75.85,65.62,52.28,31.24,53.43,51.31
2017-03-17,237.03,,87.36,54.98,69.8,24.45,75.16,65.68,52.34,31.1,53.34,51.23
2017-03-20,236.77,,87.154,55.0771,69.746,24.271,75.0359,65.56,52.6217,31.1311,53.3706,50.9038
2017-03-21,233.73,,86.05,55.04,69.21,23.57,74.46,64.56,51.75,31.08,52.61,51.61
2017-03-22,234.28,,86.15,54.93,69.11,23.52,74.48,64.79,51.9,31.15,52.94,51.86
2017-03-23,234.03,,86.35,54.81,68.83,23.57,74.25,64.7,52.12,31.38,52.8,51.7
2017-03-24,233.86,,86.56,54.7,68.56,23.54,74.29,64.53,51.66,31.35,52.84,51.89
2017-03-27,233.62,,86.53,54.65,68.24,23.45,74.49,64.3,51.77,31.1,52.84,51.69
2017-03-28,235.32,,87.19,54.75,69.21,23.77,74.54,64.98,52.37,31.28,53.22,51.65
2017-03-29,235.54,,87.71,54.85,70.16,23.62,74.56,64.97,52.41,31.39,53.31,51.51
2017-03-30,236.29,,87.94,54.74,70.14,23.93,74.57,65.33,52.42,31.46,53.41,51.11
2017-03-31,235.74,,87.95,54.58,69.9,23.73,74.36,65.06,52.41,31.6,53.31,51.31
2017-04-03,235.33,,87.6,54.49,69.78,23.68,74.42,64.92,52.21,31.64,53.26,51.3
2017-04-04,235.48,,87.46,54.65,70.29,23.65,74.38,65.09,52.4,31.55,53.3,51.46
2017-04-05,234.78,,87.25,54.55,70.07,23.47,74.15,64.88,52.36,31.6,53.08,51.75
2017-04-06,235.44,,87.52,54.55,70.63,23.62,74.28,65.06,52.64,31.78,53.09,51.62
2017-04-07,235.2,,87.26,54.7,70.36,23.52,74.41,65.13,52.59,31.82,53.06,51.4
2017-04-10,235.34,,87.58,54.86,70.89,23.46,74.27,65.29,52.6,32.04,52.96,51.49
2017-04-11,235.06,,87.51,54.88,70.9,23.39,74.17,65.38,52.46,32.19,52.76,51.47
2017-04-12,234.03,,87.16,55.09,70.6,23.2,74.17,64.48,51.81,32.14,52.58,51.85
2017-04-13,232.51,,86.55,54.84,69.31,22.9,73.98,64.02,51.31,32.07,52.37,51.68
2017-04-17,234.57,,87.44,55.23,69.46,23.3,74.25,64.72,51.68,32.44,52.85,51.91
2017-04-18,233.87,,87.45,55.48,68.81,23.08,73.44,64.51,51.62,32.52,52.84,52.03
2017-04-19,233.44,,87.53,55.27,67.8,23.01,73.66,64.57,51.69,32.45,52.8,51.67
2017-04-20,235.34,,88.45,55.16,68.13,23.4,74.12,65.35,52.26,32.44,53.28,51.47
2017-04-21,234.59,,88.25,55.0,67.79,23.16,73.68,65.41,52.2,32.33,53.17,51.73
2017-04-24,237.17,,88.82,55.5,68.19,23.68,74.41,66.34,52.8,32.01,53.8,52.0
2017-04-25,238.55,,89.52,55.72,68.77,23.89,74.73,66.66,53.65,32.08,54.08,51.93
2017-04-26,238.4,,89.94,55.27,68.54,23.87,75.14,66.67,53.64,31.81,54.02,51.77
2017-04-27,238.6,,90.42,55.2,67.79,23.76,75.3,66.65,53.52,31.83,54.24,51.95
2017-04-28,238.08,,90.06,55.18,67.84,23.53,75.5,66.34,53.07,31.65,54.38,51.7
2017-05-01,238.68,,90.18,54.97,67.65,23.68,75.67,66.14,53.1,31.85,54.79,51.39
2017-05-02,238.77,,90.28,54.6,67.31,23.65,75.88,66.46,53.19,31.86,54.91,51.45
2017-05-03,238.48,,89.75,54.65,67.5,23.84,75.51,66.51,52.67,31.47,54.81,51.27
2017-05-04,238.76,,89.61,55.07,66.26,23.88,76.01,66.58,52.73,31.5,54.77,51.45
2017-05-05,239.7,,90.17,55.22,67.31,23.84,75.97,66.92,53.48,31.75,54.97,51.73
2017-05-08,239.66,,90.34,55.2,67.79,23.82,75.5,66.74,53.05,31.58,55.21,51.71
2017-05-09,239.44,,90.86,55.0,67.23,23.73,75.59,66.83,52.65,31.46,55.28,51.33
2017-05-10,239.87,,90.55,55.04,68.12,23.81,75.37,66.69,52.82,31.63,55.49,51.41
2017-05-11,239.38,,90.01,55.12,67.98,23.66,75.41,66.67,52.74,31.48,55.42,51.48
2017-05-12,238.98,,89.88,54.96,67.75,23.56,75.28,66.3,52.61,31.36,55.56,51.73
2017-05-15,240.3,,89.9,55.14,68.28,23.74,75.77,66.61,53.07,31.5,55.87,51.95
2017-05-16,240.08,,89.59,55.09,67.94,23.81,75.48,66.54,53.08,31.34,56.13,51.57
2017-05-17,235.82,,88.14,55.01,67.27,23.06,74.49,65.21,51.96,31.54,54.6,51.7
2017-05-18,236.77,,88.65,55.05,67.25,23.15,74.82,65.3,51.99,31.6,54.92,51.88
2017-05-19,238.31,,89.25,55.35,68.08,23.35,75.03,66.16,52.44,31.78,55.24,52.08
2017-05-22,239.52,,89.7,55.66,67.93,23.41,75.23,66.67,52.5,31.86,55.68,52.53
2017-05-23,240.05,,89.36,55.72,68.09,23.59,75.48,66.81,52.54,31.9,55.78,52.67
2017-05-24,240.61,,89.68,55.94,67.73,23.58,75.67,66.89,52.89,32.08,56.01,52.97
2017-05-25,241.76,,90.47,56.29,66.5,23.62,76.03,67.33,52.83,32.2,56.41,53.4
2017-05-26,241.71,,90.74,56.5,66.61,23.61,75.89,67.41,52.93,32.0,56.38,53.4
2017-05-30,241.5,,90.81,56.48,65.72,23.45,75.78,67.39,52.92,31.91,56.62,53.57
2017-05-31,241.44,,91.05,56.64,65.44,23.25,76.08,67.52,53.08,31.86,56.53,53.84
2017-06-01,243.36,,91.91,57.1,65.85,23.54,76.92,67.94,53.72,31.96,56.67,54.22
2017-06-02,244.17,,92.24,57.27,65.09,23.45,77.42,68.21,53.85,32.24,57.19,54.28
2017-06-05,243.99,,91.99,57.33,65.21,23.49,77.2,67.97,53.68,32.16,57.24,54.11
2017-06-06,243.21,,91.2,57.19,65.98,23.39,77.01,67.51,53.71,32.01,57.13,53.99
2017-06-07,243.66,,91.36,57.17,65.05,23.57,77.22,67.43,53.78,32.18,57.31,54.17
2017-06-08,243.78,,90.77,56.74,64.86,23.84,77.0,67.65,53.94,32.03,57.44,53.72
2017-06-09,243.41,,90.37,56.67,66.42,24.29,77.52,67.91,54.63,32.18,56.02,53.67
2017-06-12,243.36,,90.32,56.66,66.89,24.34,77.42,68.16,54.42,32.39,55.69,53.57
2017-06-13,244.55,,90.88,56.75,67.39,24.47,77.58,68.44,55.1,32.47,56.09,53.7
2017-06-14,244.24,,90.83,57.11,66.17,24.51,77.95,68.37,54.52,32.57,55.82,53.99
2017-06-15,243.77,,90.45,56.98,65.67,24.41,77.87,68.78,54.04,32.73,55.57,54.3
2017-06-16,242.64,,90.15,55.95,66.3,24.29,77.69,68.68,54.02,32.44,55.25,54.11
2017-06-19,244.66,,90.84,56.22,65.88,24.54,78.5,69.1,54.45,32.46,56.07,53.93
2017-06-20,243.01,,89.7,56.0,65.04,24.33,78.76,68.36,54.15,32.4,55.62,53.96
2017-06-21,242.95,,89.84,55.84,63.99,24.13,79.76,67.9,53.58,32.33,55.93,53.64
2017-06-22,242.84,,89.63,55.47,63.95,23.98,80.59,67.76,53.64,32.35,55.95,53.39
2017-06-23,243.13,,89.52,55.49,64.38,23.89,80.47,68.01,53.85,32.49,56.3,53.21
2017-06-26,243.29,,89.84,55.71,64.24,24.02,80.39,68.03,54.01,32.64,56.0,53.57
2017-06-27,241.33,,89.13,55.23,64.14,24.14,79.66,67.52,53.68,32.51,55.08,52.97
2017-06-28,243.49,,90.03,55.43,64.49,24.52,80.08,68.13,54.17,32.55,55.77,52.46
2017-06-29,241.35,,89.16,54.84,64.63,24.69,79.35,67.55,53.52,32.22,54.77,52.04
2017-06-30,241.8,,89.63,54.94,64.92,24.67,79.24,68.11,53.81,32.2,54.72,51.96
2017-07-03,242.21,,89.54,54.89,66.17,25.03,79.38,68.53,54.28,32.5,54.34,51.72
2017-07-05,242.77,,89.32,54.85,64.83,25.07,79.85,68.73,54.1,32.11,54.88,51.47
2017-07-06,240.55,,88.41,54.54,64.11,24.88,78.82,68.13,53.86,31.53,54.38,51.45
2017-07-07,242.11,,89.2,54.51,64.01,25.05,79.22,68.66,54.14,31.71,55.01,51.49
2017-07-10,242.37,,89.39,54.13,64.22,25.02,79.07,68.86,54.48,31.46,55.41,51.45
2017-07-11,242.19,,89.21,53.98,64.57,24.8,78.98,68.8,54.4,31.41,55.53,51.42
2017-07-12,244.01,,89.89,54.28,64.75,24.88,79.52,69.18,55.03,31.82,56.25,51.86
2017-07-13,244.42,,89.9,54.29,65.01,25.03,79.59,69.13,54.97,31.88,56.36,51.68
2017-07-14,245.56,,90.19,54.72,65.4,24.92,80.13,69.43,55.25,32.2,56.86,51.92
2017-07-17,245.53,,90.41,54.78,65.32,24.84,79.84,69.39,55.36,32.27,56.87,52.16
2017-07-18,245.66,,90.82,54.78,65.01,24.8,79.9,69.23,55.13,32.23,57.13,52.31
2017-07-19,246.99,,91.26,54.98,65.96,24.81,80.55,69.3,55.66,32.47,57.42,52.53
2017-07-20,247.1,,91.07,54.99,65.76,24.8,81.08,68.91,55.25,32.38,57.54,52.91
2017-07-21,246.88,,91.13,55.08,65.11,24.8,80.99,68.78,55.26,32.44,57.47,53.29
2017-07-24,246.82,,90.82,54.9,64.99,24.91,80.96,68.63,55.21,32.42,57.61,52.79
2017-07-25,247.42,,91.46,55.28,65.81,25.22,80.38,68.54,55.8,32.42,57.5,52.49
2017-07-26,247.43,,91.42,55.27,65.88,25.05,80.11,68.63,55.46,32.69,57.72,52.99
2017-07-27,247.2,,92.09,55.81,66.55,24.91,79.56,68.24,55.26,32.66,57.5,53.12
2017-07-28,246.91,,91.39,55.34,66.47,24.91,79.96,68.4,55.06,32.64,57.44,53.04
2017-07-31,246.77,,91.36,55.32,66.62,25.09,79.89,68.31,54.64,32.59,57.16,53.22
2017-08-01,247.32,,91.52,55.26,66.61,25.27,79.71,68.11,54.68,32.73,57.45,53.52
2017-08-02,247.44,,91.27,55.22,66.36,25.31,79.53,68.41,54.73,32.57,57.61,53.75
2017-08-03,246.96,,91.02,55.17,65.43,25.22,79.66,68.75,54.32,32.49,57.48,54.02
2017-08-04,247.41,,91.03,55.02,65.64,25.39,79.48,68.88,54.58,32.59,57.61,53.78
2017-08-07,247.87,,91.24,55.43,65.14,25.35,79.65,68.88,54.61,32.57,57.96,53.95
2017-08-08,247.26,,91.29,55.22,64.99,25.28,79.28,68.67,54.18,32.42,57.88,54.17
2017-08-09,247.25,,90.76,55.31,65.05,25.28,79.37,68.69,54.23,32.46,57.85,53.89
2017-08-10,243.76,,89.4,55.08,64.36,24.83,78.38,67.82,53.61,32.17,56.71,54.06
2017-08-11,244.12,,89.86,55.12,63.94,24.73,78.6,67.86,53.48,31.96,57.1,53.74
2017-08-14,246.54,,90.5,55.39,63.75,25.07,79.13,68.57,53.98,32.49,58.01,54.05
2017-08-15,246.51,,89.67,55.67,63.51,25.09,79.13,68.42,53.99,32.43,58.1,54.35
2017-08-16,246.94,,90.13,55.86,62.9,25.04,79.35,68.61,54.52,32.53,58.27,54.57
2017-08-17,243.09,,88.69,55.35,62.01,24.61,78.36,67.42,53.69,32.3,57.13,54.18
2017-08-18,242.71,,88.25,55.2,62.32,24.62,78.0,67.15,53.71,32.06,57.07,54.5
2017-08-21,242.9,,88.41,55.4,62.0,24.55,78.35,67.26,53.76,32.39,57.05,54.7
2017-08-22,245.44,,89.36,55.41,62.41,24.82,79.3,68.03,54.46,32.37,57.9,54.82
2017-08-23,244.56,,88.6,55.25,62.68,24.74,78.7,67.39,54.36,32.7,57.76,55.0
2017-08-24,243.99,,88.41,54.49,62.72,24.74,78.93,67.18,54.26,32.64,57.71,54.96
2017-08-25,244.56,,88.63,54.67,63.0,24.81,78.95,67.5,54.43,32.8,57.7,55.14
2017-08-28,244.57,,88.68,54.51,62.72,24.65,79.37,67.46,54.51,32.63,57.81,55.24
2017-08-29,244.85,,88.6,54.7,62.64,24.57,79.52,67.95,54.25,32.61,58.06,55.12
2017-08-30,246.01,,89.24,54.69,62.67,24.67,79.93,68.23,54.65,32.76,58.48,54.96
2017-08-31,247.49,,89.66,54.71,62.97,24.7,81.29,68.46,55.07,32.92,58.83,54.97
2017-09-01,247.84,,90.07,54.97,63.58,24.77,81.23,68.52,55.43,32.92,58.78,54.8
2017-09-05,246.06,,89.7,55.05,63.93,24.24,80.88,67.83,54.8,32.89,58.26,54.94
2017-09-06,246.9,,90.26,55.28,64.97,24.3,81.27,67.9,54.94,32.94,58.31,54.69
2017-09-07,246.87,,89.48,55.36,65.09,23.88,82.17,68.04,55.03,33.19,58.51,55.1
2017-09-08,246.58,,89.17,55.09,64.4,24.1,82.54,68.27,55.01,33.2,58.03,55.36
2017-09-11,249.21,,89.64,55.43,65.01,24.52,83.18,68.86,55.73,33.44,58.85,55.83
2017-09-12,250.05,,90.04,55.55,65.41,24.81,83.36,69.19,56.2,33.08,58.99,54.9
2017-09-13,250.17,,90.69,55.58,66.23,24.85,83.05,69.09,56.18,32.94,58.91,54.63
2017-09-14,250.09,,90.2,55.47,66.55,24.8,83.16,69.42,56.37,33.17,58.71,55.09
2017-09-15,249.19,,89.63,55.22,65.84,24.77,82.59,69.39,56.07,33.05,58.74,54.75
2017-09-18,249.72,,89.32,55.3,66.12,25.06,82.57,69.78,56.38,32.86,58.79,54.19
2017-09-19,249.97,,89.24,55.13,66.39,25.25,81.92,69.85,56.67,32.53,59.05,54.08
2017-09-20,250.06,,89.54,54.6,66.84,25.4,82.0,70.36,56.87,32.44,58.81,53.68
2017-09-21,249.39,,89.39,54.08,66.86,25.46,81.58,70.57,56.75,32.39,58.49,53.67
2017-09-22,249.44,,89.54,53.92,67.2,25.43,81.58,70.75,56.55,32.11,58.52,53.23
2017-09-25,248.93,,89.35,54.31,68.17,25.4,81.34,70.75,56.65,32.23,57.83,53.72
2017-09-26,249.08,,89.36,54.44,68.14,25.39,81.21,70.75,56.4,32.26,58.04,53.62
2017-09-27,250.05,,89.85,54.02,68.43,25.7,81.18,70.83,56.4,31.99,58.63,52.9
2017-09-28,250.35,,89.74,54.02,68.49,25.74,81.25,70.79,56.8,32.22,58.7,53.09
2017-09-29,251.23,,90.08,53.98,68.48,25.86,81.73,71.0,56.8,32.24,59.1,53.05
2017-10-02,252.32,,90.25,53.88,68.46,26.08,82.56,71.49,57.42,32.12,59.19,53.14
2017-10-03,252.86,,90.63,53.94,68.39,26.17,82.54,71.8,57.66,32.11,59.33,52.99
2017-10-04,253.16,,91.1,54.11,68.34,26.05,82.94,71.78,57.68,32.39,59.29,53.52
2017-10-05,254.66,,91.61,54.35,68.65,26.32,83.0,71.95,58.03,32.49,59.86,53.47
2017-10-06,254.37,,91.72,53.81,68.07,26.35,82.89,71.94,57.9,32.4,59.95,53.43
2017-10-09,253.95,,91.43,53.66,68.21,26.25,82.37,71.74,57.89,32.47,60.1,53.5
2017-10-10,254.62,,91.34,54.13,68.27,26.37,82.56,71.85,57.93,32.52,60.16,54.02
2017-10-11,255.02,,91.39,54.24,68.43,26.32,82.72,71.81,57.96,32.7,60.36,54.25
2017-10-12,254.64,,90.78,54.47,68.18,26.12,82.63,72.19,58.07,32.93,60.21,54.53
2017-10-13,254.95,,91.22,54.57,68.14,26.13,82.42,72.06,58.35,33.02,60.5,54.15
2017-10-16,255.29,,91.34,54.59,68.29,26.3,82.06,72.14,58.31,32.86,60.72,54.03
2017-10-17,255.47,,91.39,54.39,68.33,26.17,83.16,71.95,58.16,32.86,60.72,54.35
2017-10-18,255.72,,91.14,54.32,67.85,26.31,83.28,71.98,58.02,32.8,60.87,54.25
2017-10-19,255.79,,91.14,54.03,67.64,26.33,83.79,72.18,58.24,32.78,60.69,54.82
2017-10-20,257.11,,91.36,53.9,67.77,26.64,83.88,72.96,58.74,32.73,61.1,54.86
2017-10-23,256.11,,90.74,53.86,67.42,26.62,83.67,72.5,58.63,32.61,60.81,54.89
2017-10-24,256.56,,90.96,53.67,67.55,26.81,83.11,72.91,58.96,32.4,60.98,54.94
2017-10-25,255.29,,90.61,53.52,67.08,26.65,82.99,72.19,58.65,32.32,60.65,54.7
2017-10-26,255.62,,90.93,53.56,67.22,26.8,82.16,72.29,59.43,32.14,60.9,54.71
2017-10-27,257.71,,92.4,53.1,67.34,26.78,82.14,72.32,59.12,32.19,62.54,55.05
2017-10-30,256.75,,91.98,52.65,67.69,26.67,81.26,71.82,58.84,32.39,62.68,55.06
2017-10-31,257.15,,91.99,53.09,67.91,26.6,81.11,71.53,59.0,32.5,62.95,55.12
2017-11-01,257.49,,92.02,53.26,68.68,26.64,81.31,71.49,59.29,32.47,62.96,54.81
2017-11-02,257.59,,91.33,53.13,68.48,26.89,80.94,71.9,58.86,32.75,62.99,55.01
2017-11-03,258.45,,91.7,53.14,68.68,26.78,81.61,71.83,58.83,32.75,63.49,55.21
2017-11-06,258.85,,92.37,52.57,70.25,26.75,81.36,71.87,58.58,33.25,63.63,55.0
2017-11-07,258.67,,91.82,53.16,70.16,26.38,81.53,71.98,58.64,33.56,63.66,55.66
2017-11-08,259.11,,91.92,53.74,69.82,26.25,81.72,71.86,58.7,33.81,64.01,55.7
2017-11-09,258.17,,92.06,53.73,70.03,26.16,81.73,70.96,58.2,33.81,63.5,55.77
2017-11-10,258.09,,92.37,54.28,69.66,26.08,81.2,71.06,58.11,33.81,63.5,55.51
2017-11-13,258.33,,92.68,54.59,69.26,26.12,81.28,70.82,58.41,33.91,63.48,56.17
2017-11-14,257.73,,92.76,54.78,68.14,26.11,80.95,70.63,57.88,33.88,63.35,56.87
2017-11-15,256.44,,92.36,54.2,67.37,26.18,80.72,70.23,57.53,33.63,62.88,56.38
2017-11-16,258.62,,93.13,54.95,67.1,26.19,81.56,70.89,58.23,33.76,63.76,56.2
2017-11-17,257.86,,93.54,54.76,67.43,26.16,81.24,70.5,58.31,33.56,63.35,55.81
2017-11-20,258.3,,93.72,54.7,67.27,26.28,80.9,70.82,58.39,33.48,63.59,55.64
2017-11-21,259.99,,94.3,54.88,67.42,26.36,81.61,71.33,58.7,33.66,64.26,55.79
2017-11-22,259.76,,94.39,54.81,67.69,26.23,81.58,71.41,58.54,33.55,64.14,55.79
2017-11-24,260.36,,94.63,54.77,67.88,26.22,81.77,71.41,58.84,33.67,64.5,55.88
2017-11-27,260.23,,94.7,54.8,67.19,26.2,81.84,71.53,58.49,33.57,64.5,56.12
2017-11-28,262.87,,95.75,55.25,67.71,26.88,82.44,72.62,59.14,33.49,64.71,56.38
2017-11-29,262.71,,96.16,55.54,68.08,27.34,82.85,73.26,59.23,33.41,63.28,56.41
2017-11-30,265.01,,96.65,56.05,69.1,27.52,83.47,74.51,59.56,33.45,63.84,56.6
2017-12-01,264.46,,96.61,56.19,69.68,27.58,83.3,73.59,59.07,33.51,63.51,56.41
2017-12-04,264.14,,97.73,56.72,69.65,28.0,82.28,74.21,59.68,33.07,62.49,56.09
2017-12-05,263.19,,97.17,56.63,69.35,27.85,82.14,73.58,59.38,32.94,62.51,55.38
2017-12-06,263.24,,96.54,56.99,68.45,27.75,82.07,73.69,59.03,32.99,62.91,55.59
2017-12-07,264.07,,96.79,56.44,68.65,27.84,82.09,74.37,59.43,33.12,63.3,55.69
2017-12-08,265.51,,97.25,56.59,69.28,28.01,83.01,74.69,59.43,33.2,63.6,55.87
2017-12-11,266.31,,97.46,56.58,69.78,27.94,83.36,74.54,59.51,33.28,64.15,56.21
2017-12-12,266.78,,97.5,56.59,69.59,28.22,83.69,74.62,59.52,33.43,64.13,55.25
2017-12-13,266.75,,97.58,56.91,69.49,27.87,83.98,74.91,59.68,33.42,64.15,55.4
2017-12-14,265.66,,97.88,56.66,69.24,27.69,83.13,74.4,59.02,33.45,64.07,55.33
2017-12-15,266.51,,97.97,56.88,68.72,27.81,83.71,74.52,59.08,33.19,64.56,55.02
2017-12-18,268.2,,98.85,56.85,69.25,28.06,83.74,75.05,59.95,33.3,65.13,54.41
2017-12-19,267.17,,98.72,56.92,69.35,27.94,83.64,75.07,59.88,32.67,64.73,53.42
2017-12-20,267.03,,98.53,56.82,70.33,27.89,83.37,75.32,59.9,32.32,64.71,53.0
2017-12-21,267.58,,99.17,56.78,71.82,28.13,83.18,75.38,60.11,32.21,64.58,52.37
2017-12-22,267.51,,98.98,56.87,71.97,28.05,82.91,75.4,60.34,32.42,64.54,52.45
2017-12-26,267.19,,99.2,57.0,72.6,27.97,82.93,75.48,60.29,32.59,64.11,52.14
2017-12-27,267.32,,99.0,56.99,72.36,28.0,83.07,75.66,60.37,32.72,64.18,52.36
2017-12-28,267.87,,99.27,56.9,72.47,28.11,83.19,75.81,60.64,32.91,64.29,52.65
2017-12-29,266.86,,98.69,56.89,72.26,27.91,82.68,75.67,60.53,32.94,63.95,52.68
2018-01-02,268.77,,100.19,56.54,73.45,27.92,83.61,76.12,61.39,32.75,64.74,52.19
2018-01-03,270.47,,100.65,56.52,74.55,28.07,84.41,76.53,61.82,32.76,65.28,51.78
2018-01-04,271.61,,100.98,56.68,75.0,28.33,84.53,77.09,62.36,32.2,65.61,51.35
2018-01-05,273.42,,101.78,56.93,74.97,28.41,85.25,77.62,62.86,32.27,66.3,51.33
2018-01-08,273.92,,101.9,57.07,75.42,28.37,84.94,77.94,62.95,32.49,66.55,51.81
2018-01-09,274.54,,102.1,56.99,75.23,28.59,85.94,78.44,62.85,32.12,66.38,51.3
2018-01-10,274.12,,102.03,56.71,75.14,28.83,85.79,78.43,62.47,31.62,66.15,50.74
2018-01-11,276.12,,103.69,56.63,76.68,28.97,86.16,79.43,63.29,31.42,66.42,50.55
2018-01-12,277.92,,105.03,56.65,77.42,29.23,86.82,80.17,63.39,31.19,66.81,50.26
2018-01-16,276.97,,104.28,56.91,76.44,29.15,87.25,79.45,62.65,31.34,66.55,50.15
2018-01-17,279.61,,104.78,57.56,77.11,29.37,88.09,79.89,62.94,31.52,67.55,50.46
2018-01-18,279.14,,104.69,57.39,76.48,29.33,88.11,79.46,62.9,31.22,67.67,50.14
2018-01-19,280.41,,105.6,58.03,76.38,29.54,88.44,79.69,63.28,31.44,67.8,49.99
2018-01-22,282.69,,106.77,58.47,78.03,29.78,89.02,79.69,63.13,31.74,68.46,50.06
2018-01-23,283.29,,107.67,58.28,77.91,29.81,88.59,79.73,63.12,32.23,68.76,50.54
2018-01-24,283.18,,108.13,58.4,77.7,30.01,88.85,79.66,63.39,32.14,68.23,50.23
2018-01-25,283.3,,107.94,58.43,77.09,29.95,89.61,79.74,63.81,32.07,68.11,51.01
2018-01-26,286.58,,109.0,58.71,77.51,30.17,91.54,80.66,64.09,32.16,69.19,51.04
2018-01-29,284.68,,108.7,58.48,76.34,30.05,91.29,80.12,63.36,31.79,68.56,50.39
2018-01-30,281.76,,108.16,58.09,74.8,29.66,89.37,79.49,62.9,31.66,67.94,50.48
2018-01-31,281.9,,107.81,57.82,74.85,29.74,88.1,79.73,62.95,32.31,68.45,51.04
2018-02-01,281.58,,106.61,57.57,75.62,30.02,88.13,79.59,62.09,31.72,68.51,50.24
2018-02-02,275.45,,105.59,56.47,72.46,29.36,86.89,77.99,60.46,31.36,66.48,49.88
2018-02-05,263.93,,102.03,54.42,69.42,27.88,83.04,74.45,58.15,30.55,63.7,49.06
2018-02-06,269.13,,104.64,55.02,69.97,28.39,83.96,75.81,60.05,30.49,65.53,48.33
2018-02-07,267.67,,104.32,54.78,68.8,28.41,83.86,75.95,59.51,30.35,64.69,48.1
2018-02-08,257.63,,100.16,53.6,66.72,27.16,80.95,73.02,57.42,29.4,62.01,47.56
2018-02-09,261.5,,100.83,53.71,66.67,27.68,82.1,73.81,58.42,30.09,63.53,48.56
2018-02-12,265.34,,102.2,54.26,67.76,28.07,82.87,75.0,59.6,30.17,64.67,48.93
2018-02-13,266.0,,102.73,54.51,67.48,28.19,82.93,75.17,59.45,30.39,64.83,49.15
2018-02-14,269.59,,104.37,54.48,68.46,28.86,83.87,76.12,60.25,30.2,66.02,48.6
2018-02-15,273.03,,105.3,55.38,68.29,29.02,84.8,77.27,60.7,30.48,67.28,49.68
2018-02-16,273.11,,104.79,55.6,68.12,28.98,85.41,77.29,60.48,30.68,67.18,50.12
2018-02-20,271.4,,104.47,54.34,67.75,28.89,84.47,76.51,60.21,30.37,67.24,49.47
2018-02-21,270.05,,104.32,53.69,66.61,28.93,84.12,76.53,60.0,29.81,66.81,48.82
2018-02-22,270.4,,104.45,53.83,67.34,28.69,83.99,77.04,60.4,30.15,66.89,49.07
2018-02-23,274.71,,105.91,54.35,68.8,29.12,85.33,77.68,61.29,30.7,68.29,50.35
2018-02-26,277.9,,106.8,54.69,69.21,29.56,86.41,78.75,61.56,30.81,69.36,50.2
2018-02-27,274.43,,104.54,53.97,68.31,29.28,85.51,77.76,60.71,30.15,68.66,49.4
2018-02-28,271.65,,104.07,53.41,66.74,28.87,84.14,76.65,59.63,30.11,68.17,49.06
2018-03-01,267.7,,102.95,53.29,66.64,28.37,82.8,75.15,59.02,29.96,67.04,49.07
2018-03-02,269.08,,103.05,53.74,66.95,28.44,83.64,75.13,58.96,29.86,67.68,48.94
2018-03-05,272.19,,104.28,54.21,67.66,28.84,84.4,76.03,59.74,30.28,68.37,49.94
2018-03-06,272.88,,105.0,54.25,67.7,28.96,84.28,76.37,60.4,30.4,68.52,49.27
2018-03-07,272.78,,104.29,53.76,67.19,28.91,84.71,76.36,60.18,30.53,68.9,48.9
2018-03-08,274.1,,104.62,54.25,67.17,29.0,85.28,76.76,60.23,30.77,69.2,49.26
2018-03-09,278.87,,106.24,54.6,68.45,29.7,86.51,78.45,61.32,30.97,70.51,49.4
2018-03-12,278.52,,106.59,54.5,68.43,29.6,86.14,77.48,61.17,31.12,70.73,49.61
2018-03-13,276.72,,105.84,54.46,67.94,29.27,86.25,77.1,60.92,31.22,69.92,49.72
2018-03-14,275.3,,105.71,53.91,67.54,28.94,85.83,76.26,60.17,31.28,69.86,50.23
2018-03-15,275.0,,105.6,53.53,67.19,28.95,85.69,76.48,59.38,31.28,69.9,50.2
2018-03-16,274.2,,105.18,53.25,67.31,28.87,85.39,76.58,59.15,31.26,69.61,50.25
2018-03-19,270.49,,103.87,52.73,66.27,28.66,84.01,75.99,58.3,30.95,68.23,49.94
2018-03-20,270.95,,104.49,52.58,66.83,28.73,84.13,76.25,58.24,30.94,68.2,49.71
2018-03-21,270.43,,104.41,51.93,68.58,28.72,83.77,76.34,58.9,30.66,67.79,49.54
2018-03-22,263.67,,102.19,51.5,67.18,27.66,81.36,73.82,57.14,30.55,66.04,49.76
2018-03-23,258.05,,100.18,50.86,66.77,26.82,79.67,72.74,56.02,30.07,64.28,49.06
2018-03-26,265.11,,103.14,51.59,67.97,27.69,81.32,74.5,57.17,30.48,66.72,49.57
2018-03-27,260.6,,101.12,51.56,67.33,27.15,80.36,73.47,56.59,30.53,64.58,50.28
2018-03-28,259.83,,99.89,52.27,66.02,27.2,80.79,73.22,55.87,31.09,64.15,50.26
2018-03-29,263.15,,101.29,52.63,67.41,27.57,81.4,74.29,56.94,31.08,65.42,50.53
2018-04-02,257.47,,98.43,51.34,66.06,26.96,79.55,72.76,55.7,30.7,63.86,50.14
2018-04-03,260.77,,99.68,52.02,67.47,27.33,80.76,73.77,56.49,30.81,64.49,50.31
2018-04-04,263.56,,101.51,52.83,67.38,27.62,81.91,74.09,56.86,31.17,65.39,50.42
2018-04-05,265.64,,102.87,52.96,68.59,27.84,81.85,74.84,57.92,31.2,65.66,50.82
2018-04-06,259.72,,100.68,52.42,67.35,27.17,79.88,72.77,56.51,30.88,64.05,50.42
2018-04-09,261.0,,100.44,52.39,67.67,27.32,80.67,72.55,56.82,30.87,64.55,50.52
2018-04-10,265.15,,101.66,52.51,69.91,27.73,82.03,73.66,57.99,30.66,66.14,50.13
2018-04-11,263.76,,101.35,52.41,70.64,27.4,81.36,73.12,57.56,30.74,65.75,50.06
2018-04-12,265.93,,101.79,52.33,70.63,27.88,81.91,74.17,58.17,30.38,66.54,49.4
2018-04-13,265.15,,101.22,52.59,71.41,27.46,81.87,73.99,58.11,30.54,66.32,49.79
2018-04-16,267.33,,101.98,53.16,72.14,27.58,82.52,74.73,58.89,30.68,66.83,50.47
2018-04-17,270.19,,103.88,53.28,72.42,27.58,83.16,75.36,59.56,31.09,68.07,50.98
2018-04-18,270.39,,104.37,52.88,73.56,27.45,83.23,76.14,59.99,31.01,67.89,50.79
2018-04-19,268.89,,104.04,51.35,73.65,27.87,82.53,75.93,59.32,30.49,67.14,50.76
2018-04-20,266.61,,102.98,50.49,73.3,27.88,82.09,75.6,59.0,30.22,66.21,50.3
2018-04-23,266.57,,103.2,50.43,73.75,27.85,82.41,75.51,58.83,30.28,65.97,50.33
2018-04-24,262.98,,101.57,50.11,72.96,27.67,81.79,73.4,57.24,30.31,64.82,50.67
2018-04-25,263.63,,101.99,50.2,73.54,27.65,82.16,73.61,57.55,30.21,64.83,50.68
2018-04-26,266.31,,103.64,50.5,74.61,27.66,83.2,73.34,57.91,30.6,66.01,51.19
2018-04-27,266.56,,104.11,50.77,73.82,27.7,83.54,73.19,57.76,31.01,65.89,51.71
2018-04-30,264.51,,103.7,50.45,73.81,27.45,82.26,72.22,57.01,30.89,65.46,51.56
2018-05-01,264.98,,103.84,50.01,73.36,27.46,82.22,71.89,56.96,31.11,66.28,51.4
2018-05-02,263.2,,103.13,49.03,73.66,27.15,81.09,71.26,56.83,30.97,66.21,51.35
2018-05-03,262.62,,102.67,48.98,73.49,26.92,80.36,71.43,57.09,30.96,66.36,51.28
2018-05-04,266.02,,104.02,49.69,73.85,27.27,81.0,72.26,57.8,31.31,67.62,51.51
2018-05-07,266.92,,104.37,49.38,73.95,27.45,80.88,72.74,57.78,31.37,68.09,51.24
2018-05-08,266.92,,103.93,49.18,74.53,27.64,80.27,73.26,57.66,31.15,68.24,49.96
2018-05-09,269.5,,104.29,49.25,76.05,28.05,80.73,74.05,58.49,31.39,69.08,49.61
2018-05-10,272.02,,104.67,49.54,76.62,28.28,81.81,74.55,58.91,31.68,69.98,50.31
2018-05-11,272.85,,104.89,49.54,76.73,28.26,83.03,74.71,58.89,31.53,69.88,50.38
2018-05-14,272.98,,105.09,49.52,77.26,28.24,83.58,74.58,59.12,31.31,69.87,50.19
2018-05-15,271.1,,104.48,49.33,77.28,28.19,82.5,74.33,58.94,30.78,69.21,49.77
2018-05-16,272.24,,105.35,49.68,77.55,28.24,82.96,74.6,59.64,30.7,69.52,49.38
2018-05-17,272.01,,105.0,49.85,78.72,28.18,82.99,74.89,59.78,30.54,69.16,48.98
2018-05-18,271.33,,104.87,49.54,78.11,27.95,83.2,75.33,59.86,30.56,68.87,48.99
2018-05-21,273.37,,105.45,49.75,78.91,28.15,83.28,76.47,60.18,30.87,69.47,49.24
2018-05-22,272.61,,104.98,49.66,77.86,28.34,83.12,75.53,59.68,30.91,69.37,49.42
2018-05-23,273.36,,105.74,49.84,77.85,28.16,83.39,75.46,59.54,31.16,69.88,49.87
2018-05-24,272.8,,105.97,49.8,76.57,27.94,83.06,75.83,59.33,31.04,69.8,50.28
2018-05-25,272.15,,106.13,49.88,74.58,27.85,82.94,75.69,59.01,31.19,69.75,50.5
2018-05-29,269.02,,105.31,49.77,74.35,26.92,82.09,74.48,57.99,31.27,69.37,50.5
2018-05-30,272.61,,106.27,50.47,76.6,27.41,83.32,75.53,58.67,31.68,69.88,50.91
2018-05-31,270.94,,105.76,49.66,76.02,27.18,82.41,74.44,58.18,31.58,69.9,50.99
2018-06-01,273.6,,106.54,49.66,76.38,27.48,83.36,75.26,59.07,31.71,71.09,50.21
2018-06-04,274.9,,107.73,50.07,75.72,27.57,83.67,75.15,59.41,32.02,71.66,49.81
2018-06-05,275.1,,108.36,49.84,75.54,27.45,83.5,75.24,59.86,31.86,71.91,49.55
2018-06-06,277.4,,109.37,49.9,75.9,27.95,84.44,75.87,60.97,31.95,72.38,48.37
2018-06-07,277.37,,109.69,50.21,77.05,28.04,84.55,76.19,60.66,31.95,71.8,48.71
2018-06-08,278.19,,109.92,50.83,76.9,28.08,85.04,76.44,60.83,32.06,71.68,48.69
2018-06-11,278.56,,110.36,51.25,77.3,28.02,85.2,76.59,60.92,32.05,71.76,48.59
2018-06-12,278.92,,110.89,51.35,76.71,27.95,85.15,76.51,61.0,32.23,72.11,49.15
2018-06-13,278.03,,111.06,51.19,76.42,27.85,85.17,75.9,60.34,31.51,71.74,49.02
2018-06-14,278.73,,112.22,51.28,76.31,27.59,85.61,75.61,60.43,31.81,72.25,49.63
2018-06-15,277.13,,112.11,51.54,74.17,27.47,85.46,75.12,59.73,31.49,71.72,49.54
2018-06-18,276.56,,111.92,50.79,74.91,27.42,84.64,74.81,59.58,31.46,71.8,49.7
2018-06-19,275.5,49.96,111.78,51.06,74.74,27.35,84.86,73.23,58.49,31.5,71.43,50.19
2018-06-20,275.97,50.58,112.31,51.11,75.07,27.28,85.04,73.28,58.3,31.84,71.58,50.23
2018-06-21,274.24,50.27,111.51,51.21,73.68,27.2,84.55,72.36,57.68,32.03,71.03,50.4
2018-06-22,274.74,50.49,111.32,51.63,75.15,27.07,84.93,72.61,58.52,32.31,70.8,50.75
2018-06-25,271.0,49.45,108.9,51.89,73.64,26.78,84.15,71.69,57.61,32.23,69.33,51.59
2018-06-26,271.6,49.532,109.68,51.67,74.57,26.69,83.89,71.96,57.83,32.4,69.61,51.65
2018-06-27,269.35,49.1,108.26,51.56,75.57,26.36,83.18,71.38,57.65,32.31,68.66,51.9
2018-06-28,270.89,49.59,109.11,51.56,75.47,26.59,83.29,71.48,57.87,32.63,69.5,51.88
2018-06-29,271.28,49.53,109.3,51.53,75.94,26.59,83.46,71.63,58.07,32.71,69.47,51.96
2018-07-02,271.86,49.84,109.45,51.23,74.82,26.72,83.72,71.79,57.76,32.52,70.09,52.33
2018-07-03,270.9,49.23,108.9,51.35,75.29,26.48,83.92,71.56,57.66,32.71,69.26,52.48
2018-07-05,273.11,49.9799,109.44,52.06,75.21,26.54,84.79,71.91,58.16,33.14,70.24,52.76
2018-07-06,275.42,50.77,110.3,52.22,75.67,26.67,86.01,72.16,58.45,33.28,71.06,53.17
2018-07-09,277.9,51.06,111.62,52.02,76.8,27.28,86.64,73.5,58.97,32.97,71.6,51.53
2018-07-10,278.9,51.039,111.86,52.64,77.37,27.18,86.97,73.73,59.47,33.13,71.77,52.02
2018-07-11,276.86,50.97,111.6,52.47,75.73,27.05,86.28,72.52,58.47,33.03,71.49,52.49
2018-07-12,279.37,51.77,112.34,52.4,75.86,27.1,87.24,73.37,58.61,33.11,72.62,52.53
2018-07-13,279.59,51.69,112.59,52.74,76.26,26.98,87.4,73.75,58.58,33.0,72.54,52.54
2018-07-16,279.34,51.54,112.87,52.49,75.38,27.46,86.87,73.45,58.11,32.82,72.37,52.49
2018-07-17,280.47,51.55,112.98,52.94,75.08,27.49,87.35,73.74,58.87,32.6,72.91,52.45
2018-07-18,281.06,51.4,112.91,52.51,75.13,27.93,87.42,74.55,58.32,32.48,72.79,52.18
2018-07-19,280.0,51.04,112.65,52.54,75.15,27.51,86.93,74.52,58.53,32.79,72.53,52.66
2018-07-20,279.68,50.87,112.15,52.86,74.89,27.56,86.76,74.44,58.29,32.5,72.55,52.29
2018-07-23,280.2,51.08,112.03,52.53,74.56,27.94,86.94,73.98,57.97,32.41,72.92,51.92
2018-07-24,281.61,51.44,111.7,52.63,75.5,28.02,87.73,74.29,58.72,32.32,73.32,52.1
2018-07-25,284.01,51.81,112.52,53.03,76.13,28.08,88.85,75.42,59.18,32.64,74.24,52.25
2018-07-26,283.34,49.856,111.93,53.31,76.96,28.07,88.6,76.0,59.52,32.75,73.1,52.81
2018-07-27,281.42,48.91,111.64,53.38,76.63,28.13,87.96,76.01,59.3,32.45,71.85,52.64
2018-07-30,279.95,48.14,110.75,53.32,77.26,28.15,88.01,75.26,59.19,32.42,70.73,52.32
2018-07-31,281.33,48.46,111.27,53.57,77.12,27.95,88.93,76.92,59.73,33.05,70.92,52.79
2018-08-01,280.86,48.26,110.72,53.12,76.05,27.95,88.95,75.88,59.12,33.27,71.56,52.45
2018-08-02,282.39,48.58,111.48,53.66,75.63,27.96,89.28,75.78,58.73,33.11,72.46,52.71
2018-08-03,283.6,48.91,111.86,54.29,75.24,28.12,89.81,75.85,59.29,33.54,72.72,53.3
2018-08-06,284.64,49.4,112.61,54.34,75.52,28.27,89.97,75.96,59.27,33.47,73.11,53.34
2018-08-07,285.58,49.46,113.13,54.01,76.08,28.4,89.98,76.5,59.47,33.4,73.39,53.26
2018-08-08,285.46,49.42,113.25,53.6,75.53,28.47,90.12,76.16,59.22,33.19,73.59,52.98
2018-08-09,285.07,49.69,113.67,53.44,74.83,28.3,90.02,75.74,59.54,33.25,73.62,53.22
2018-08-10,283.16,49.27,112.72,53.24,75.29,27.97,89.63,75.07,58.68,32.93,73.03,52.99
2018-08-13,282.1,49.2,112.15,53.24,74.33,27.7,89.66,74.71,58.09,32.92,72.93,53.06
2018-08-14,283.9,49.55,113.24,53.61,74.51,27.96,90.08,75.23,58.58,33.05,73.38,53.17
2018-08-15,281.78,48.86,111.86,53.83,71.91,27.74,89.93,74.87,57.65,33.34,72.72,53.66
2018-08-16,284.06,48.84,112.41,54.6,72.43,28.11,90.81,75.82,58.0,33.6,73.04,54.24
2018-08-17,285.06,48.61,112.51,55.02,72.61,28.17,91.09,76.28,58.43,33.92,73.15,54.52
2018-08-20,285.67,48.69,113.31,54.99,73.1,28.26,91.39,76.79,58.84,33.96,73.04,54.33
2018-08-21,286.34,48.99,114.21,54.6,73.47,28.37,91.39,77.36,59.07,33.65,73.16,53.94
2018-08-22,286.17,48.93,114.33,54.26,74.35,28.27,91.48,76.61,58.77,33.44,73.38,53.54
2018-08-23,285.79,48.73,114.22,54.13,74.0,28.14,91.45,76.39,58.37,33.36,73.54,53.5
2018-08-24,287.51,49.44,114.89,54.06,74.54,28.24,91.89,76.72,59.13,33.59,74.28,53.73
2018-08-27,289.78,49.92,115.63,54.09,75.09,28.62,92.22,77.69,59.94,33.54,74.96,53.4
2018-08-28,289.92,49.7,115.86,53.91,74.77,28.59,92.27,77.53,59.71,33.95,75.09,53.29
2018-08-29,291.48,49.98,117.16,53.97,75.23,28.58,92.87,77.59,60.16,33.9,75.77,53.68
2018-08-30,290.3,49.67,116.49,53.8,75.02,28.36,92.8,77.05,59.45,33.72,75.54,53.7
2018-08-31,290.31,49.18,116.95,53.78,74.44,28.33,92.78,77.1,59.27,33.85,75.6,53.47
2018-09-04,289.81,48.57,117.17,53.71,74.28,28.47,92.04,77.04,58.86,33.55,75.31,53.71
2018-09-05,289.03,47.94,115.91,54.33,74.18,28.49,92.41,77.59,59.25,33.76,74.37,54.46
2018-09-06,288.16,47.58,115.59,54.48,72.81,28.36,92.41,77.83,59.37,33.87,73.83,54.77
2018-09-07,287.6,47.68,115.58,54.37,72.8,28.33,92.55,77.59,58.98,33.44,73.58,54.1
2018-09-10,288.1,47.78,116.01,54.56,72.77,28.3,92.31,77.99,59.05,33.62,73.81,54.37
2018-09-11,289.05,48.26,116.94,54.36,73.46,28.33,92.23,77.97,59.17,33.63,74.44,54.23
2018-09-12,289.12,48.12,117.16,54.99,73.84,28.07,92.69,78.21,59.2,33.66,74.13,54.18
2018-09-13,290.83,48.46,117.36,54.91,73.87,28.03,93.84,78.68,59.43,33.87,75.0,54.59
2018-09-14,290.88,48.37,116.92,54.76,74.26,28.23,93.53,79.07,59.41,33.58,74.94,54.3
2018-09-17,289.34,47.9,115.47,54.96,74.38,28.11,93.19,79.1,59.62,33.77,74.0,54.48
2018-09-18,290.91,48.24,116.94,54.73,74.87,28.25,93.73,79.82,59.68,33.57,74.47,54.38
2018-09-19,291.22,48.37,116.99,54.63,75.1,28.73,93.6,79.75,60.33,33.25,74.28,53.2
2018-09-20,293.58,48.9,117.79,55.32,75.12,28.98,94.51,79.87,60.98,33.5,75.16,53.31
2018-09-21,291.99,48.55,116.92,55.02,75.1,28.74,94.27,80.0,60.56,33.15,74.61,53.06
2018-09-24,291.02,48.55,116.16,54.18,76.2,28.42,94.46,78.63,59.71,32.5,74.98,52.59
2018-09-25,290.75,48.57,116.65,53.86,76.69,28.31,94.17,78.39,59.4,32.47,74.89,51.87
2018-09-26,289.88,48.76,116.92,53.92,75.95,27.97,94.38,78.34,58.81,32.11,74.61,51.36
2018-09-27,290.69,49.18,117.32,53.85,75.95,27.87,94.86,78.45,58.3,32.21,75.05,51.89
2018-09-28,290.72,49.0,117.22,53.93,75.74,27.58,95.15,78.4,57.93,32.61,75.33,52.65
2018-10-01,291.73,48.8,116.86,53.89,76.79,27.69,95.62,79.09,58.51,32.36,75.69,52.47
2018-10-02,291.56,48.76,115.28,54.2,76.87,27.69,95.51,79.27,58.76,32.26,75.7,53.18
2018-10-03,291.72,48.98,114.89,53.62,77.49,27.95,95.33,79.6,58.34,31.89,75.93,52.54
2018-10-04,289.44,48.28,113.09,53.49,77.17,28.14,94.4,79.34,58.07,31.74,74.56,52.82
2018-10-05,287.82,47.82,112.24,53.44,77.16,28.0,94.29,78.93,57.64,31.75,73.62,53.63
2018-10-08,287.82,47.66,112.53,54.18,77.1,28.19,94.25,79.13,57.61,32.16,72.79,54.08
2018-10-09,287.4,47.63,112.2,54.06,77.79,28.08,94.41,77.91,55.7,32.27,73.05,54.3
2018-10-10,278.3,45.75,108.42,53.41,75.35,27.21,92.18,75.4,54.24,31.76,69.51,54.0
2018-10-11,272.17,45.36,106.51,52.09,72.8,26.4,89.69,73.41,53.61,30.83,68.63,53.01
2018-10-12,275.95,46.37,108.48,52.38,73.0,26.43,91.07,73.9,53.76,30.81,70.83,52.95
2018-10-15,274.4,46.19,108.23,52.7,72.39,26.31,90.44,74.04,53.58,31.0,69.67,53.2
2018-10-16,280.4,47.41,110.4,53.29,72.99,26.75,92.92,75.29,54.44,31.58,71.77,53.75
2018-10-17,280.45,47.6,109.49,53.54,72.53,27.02,93.41,74.74,54.09,31.49,71.44,53.65
2018-10-18,276.4,46.73,107.39,53.47,72.17,26.57,92.35,73.45,53.48,31.5,70.04,53.73
2018-10-19,276.25,46.72,106.34,54.69,71.53,26.67,91.51,73.18,53.1,31.82,70.01,54.57
2018-10-22,275.01,46.69,106.77,54.28,70.74,26.1,90.76,72.93,52.68,31.37,70.59,54.22
2018-10-23,273.61,46.59,106.79,54.52,68.89,25.89,90.27,71.73,52.16,31.57,70.32,53.92
2018-10-24,265.32,44.37,103.6,54.75,66.17,25.24,87.29,69.3,50.51,31.94,67.17,55.23
2018-10-25,270.08,45.84,106.73,54.88,66.98,25.63,88.42,69.79,51.16,32.32,69.48,54.37
2018-10-26,265.33,44.6,103.41,53.83,66.48,25.26,87.42,69.1,50.86,31.48,68.09,53.37
2018-10-29,263.86,43.91,102.5,54.45,65.24,25.48,87.64,67.95,50.74,32.0,66.94,54.12
2018-10-30,267.77,45.11,104.04,55.53,66.75,25.92,88.58,69.35,51.9,32.53,67.69,54.33
2018-10-31,270.63,46.04,105.38,55.01,67.16,26.28,88.7,69.88,52.61,32.09,69.3,53.69
2018-11-01,273.51,46.31,107.53,55.4,67.73,26.4,89.82,71.11,54.09,32.21,70.11,53.45
2018-11-02,271.89,45.84,107.97,55.11,67.56,26.38,89.26,70.99,53.96,31.94,68.74,53.15
2018-11-05,273.39,45.65,108.12,55.8,68.69,26.8,90.05,71.36,54.12,32.47,68.67,53.9
2018-11-06,275.12,45.92,108.6,56.14,69.01,26.94,90.51,72.11,55.01,32.65,69.1,54.26
2018-11-07,281.01,46.76,111.54,56.46,70.14,27.29,93.17,73.28,56.0,33.01,71.13,54.88
2018-11-08,280.5,46.32,111.57,56.49,68.62,27.37,93.22,73.16,55.76,33.08,71.07,54.79
2018-11-09,277.76,45.37,110.02,56.82,68.5,27.12,92.95,72.42,54.98,33.12,69.84,54.87
2018-11-12,272.57,44.69,107.81,56.52,67.08,26.58,91.69,70.99,54.17,33.19,67.38,54.84
2018-11-13,272.06,44.55,107.76,56.39,65.54,26.73,91.05,71.31,54.01,33.26,67.46,55.07
2018-11-14,270.2,44.77,106.95,56.01,65.43,26.37,90.32,71.07,53.95,33.25,66.65,54.5
2018-11-15,273.02,45.1,106.79,55.92,66.39,26.76,91.12,72.01,54.69,32.99,68.32,54.05
2018-11-16,273.73,44.88,106.37,56.06,67.18,26.79,92.04,71.99,55.24,33.46,68.21,54.88
2018-11-19,269.1,43.52,103.77,55.97,67.16,26.78,90.87,70.85,54.45,33.55,65.61,55.12
2018-11-20,264.12,42.95,101.42,55.04,64.96,26.19,90.02,69.38,53.46,33.11,64.2,54.89
2018-11-21,265.02,43.46,102.48,54.6,65.98,26.21,89.51,69.87,53.89,33.09,64.67,54.08
2018-11-23,263.25,42.89,102.02,54.79,63.91,26.0,89.64,69.73,53.31,32.97,64.08,54.11
2018-11-26,267.5,43.87,104.31,54.86,64.87,26.53,90.51,70.24,53.92,33.04,65.53,54.43
2018-11-27,268.4,44.01,104.62,55.35,64.69,26.55,91.45,70.12,53.26,33.22,65.66,54.84
2018-11-28,274.58,44.93,107.71,55.81,65.8,27.06,93.65,71.8,54.08,33.49,67.96,54.8
2018-11-29,273.98,45.08,107.21,55.9,66.23,26.83,93.96,71.84,54.47,33.53,67.3,54.78
2018-11-30,275.65,45.01,107.99,56.26,66.11,26.97,95.87,72.54,54.61,33.85,67.94,55.59
2018-12-03,279.3,45.08,110.01,56.31,67.58,27.14,95.41,73.38,55.57,34.01,69.44,56.15
2018-12-04,270.25,43.75,106.05,55.36,65.64,25.96,93.28,70.26,53.92,33.56,66.81,56.19
2018-12-06,269.84,44.24,106.56,55.42,64.43,25.6,92.93,69.87,53.19,34.48,66.96,56.25
2018-12-07,263.57,43.4,103.37,54.72,64.07,25.11,90.56,68.03,51.91,33.96,64.6,56.46
2018-12-10,264.07,43.73,103.45,54.72,63.07,24.76,90.91,68.2,52.05,33.83,65.49,56.57
2018-12-11,264.13,43.77,103.49,55.17,63.09,24.52,91.19,67.8,51.88,33.89,65.57,56.8
2018-12-12,265.46,44.24,104.58,55.1,63.34,24.66,91.97,68.18,52.33,33.25,66.08,56.44
2018-12-13,265.37,44.04,104.06,55.44,63.54,24.48,92.06,67.99,51.72,33.48,66.19,56.93
2018-12-14,260.47,43.61,102.33,54.5,62.09,24.24,88.96,67.05,51.32,33.42,64.57,56.82
2018-12-17,255.36,42.76,99.73,53.24,60.96,24.0,87.19,65.95,50.44,32.17,63.2,54.99
2018-12-18,255.08,42.95,100.51,52.61,59.52,23.91,86.43,66.28,50.72,32.49,63.7,54.62
2018-12-19,251.26,42.03,98.52,52.1,58.82,23.61,85.3,65.03,50.03,32.19,62.44,54.53
2018-12-20,247.17,41.29,96.31,51.17,57.19,23.4,84.1,63.84,49.36,31.8,61.32,54.5
2018-12-21,240.7,39.81,93.76,50.18,56.11,22.79,82.68,62.25,48.6,30.95,59.2,53.81
2018-12-24,234.34,38.97,91.98,48.73,53.84,22.31,80.7,60.34,47.34,29.81,57.62,51.56
2018-12-26,246.18,41.16,97.43,50.09,57.19,23.32,84.22,63.15,49.46,30.76,61.1,52.26
2018-12-27,248.07,41.35,97.95,50.57,57.49,23.6,85.15,63.94,50.37,30.83,61.54,52.7
2018-12-28,247.75,41.22,97.96,50.57,57.05,23.59,85.25,63.77,50.1,30.94,61.4,52.83
2018-12-31,249.92,41.28,99.01,50.78,57.35,23.82,86.51,64.41,50.52,31.0,61.98,52.92
2019-01-02,250.18,41.83,99.76,50.48,58.48,24.02,85.2,64.74,50.78,30.29,62.02,52.01
2019-01-03,244.21,41.13,97.6,50.19,57.9,23.48,83.47,62.77,49.34,30.43,58.89,52.0
2019-01-04,252.39,42.9,100.83,51.26,59.87,24.26,85.96,65.15,51.28,30.74,61.5,52.77
2019-01-07,254.38,43.39,103.11,51.19,60.76,24.29,86.29,65.68,51.46,31.0,62.05,52.41
2019-01-08,256.77,44.12,104.25,51.66,61.23,24.31,86.96,66.58,52.0,31.54,62.57,53.06
2019-01-09,257.97,44.18,104.78,51.18,62.2,24.43,87.35,67.03,52.02,31.41,63.38,52.74
2019-01-10,258.88,44.27,104.48,51.48,62.38,24.44,87.52,67.94,52.48,31.91,63.66,53.43
2019-01-11,258.98,44.05,104.58,51.63,62.01,24.5,87.81,67.87,52.27,31.97,63.54,53.23
2019-01-14,257.4,43.89,103.94,51.38,61.86,24.67,86.84,67.86,51.87,31.87,62.95,52.03
2019-01-15,260.35,44.62,104.88,51.89,62.08,24.89,88.4,67.65,51.53,32.23,63.9,52.67
2019-01-16,260.98,44.43,104.64,51.61,62.0,25.42,88.24,67.72,51.73,32.38,63.96,52.86
2019-01-17,262.96,44.61,105.35,51.83,62.57,25.56,89.02,68.88,52.64,32.54,64.37,53.08
2019-01-18,266.46,44.97,106.81,52.45,63.84,26.0,90.08,70.19,53.51,32.66,65.35,53.14
2019-01-22,262.86,44.04,105.21,51.97,62.45,25.7,89.46,68.74,52.77,32.6,64.25,53.24
2019-01-23,263.41,43.84,105.42,52.59,61.81,25.73,89.56,68.84,52.41,32.62,64.47,53.78
2019-01-24,263.55,44.04,105.86,51.94,62.14,25.79,88.81,69.19,52.13,32.75,65.01,54.06
2019-01-25,265.78,44.6,107.03,51.73,62.93,26.0,88.92,70.07,53.12,33.13,65.93,53.32
2019-01-28,263.76,44.21,106.41,51.95,62.3,25.92,87.91,69.4,53.04,33.46,65.05,53.07
2019-01-29,263.41,43.69,105.72,52.07,62.49,25.83,88.34,70.36,53.59,33.72,64.35,53.22
2019-01-30,267.58,44.32,107.8,52.42,63.37,25.98,89.55,71.46,54.16,34.0,66.35,53.63
2019-01-31,269.93,46.13,108.78,53.39,63.78,25.94,90.67,71.77,53.35,34.33,66.28,54.76
2019-02-01,270.06,45.97,107.19,53.22,64.89,26.05,90.75,71.88,53.51,34.12,66.67,54.55
2019-02-04,271.96,46.4,107.89,53.56,65.04,26.16,90.49,72.81,53.42,34.32,67.74,54.64
2019-02-05,273.1,46.91,108.9,53.57,65.14,26.09,90.36,73.44,53.81,34.55,68.31,54.75
2019-02-06,272.74,45.86,108.45,53.58,64.66,26.06,90.77,73.46,53.49,34.28,68.54,54.72
2019-02-07,270.14,45.42,107.56,53.54,63.23,25.8,89.77,72.96,52.75,34.57,67.6,55.44
2019-02-08,270.47,45.73,107.13,53.79,62.94,25.67,89.94,73.07,52.7,34.57,67.99,55.68
2019-02-11,270.62,45.26,107.32,53.93,63.24,25.75,89.83,73.46,52.78,34.67,67.96,55.66
2019-02-12,274.1,45.78,108.97,54.35,64.04,26.13,91.06,74.6,53.96,34.43,68.86,55.79
2019-02-13,274.99,45.81,109.71,54.45,64.84,26.2,91.26,75.04,54.03,34.66,68.95,55.63
2019-02-14,274.38,45.98,109.31,53.84,65.07,25.88,91.47,74.69,53.75,34.79,69.07,55.54
2019-02-15,277.37,46.18,110.06,54.35,66.12,26.43,92.85,75.69,54.48,35.0,69.62,55.71
2019-02-19,277.85,46.23,110.51,54.63,66.32,26.47,92.63,75.66,54.82,35.04,69.64,56.04
2019-02-20,278.41,46.07,110.73,54.53,66.6,26.64,92.52,76.02,55.76,34.82,69.72,56.29
2019-02-21,277.42,45.64,110.51,54.69,65.57,26.5,91.71,75.71,55.54,34.88,69.75,56.7
2019-02-22,279.14,46.07,111.11,54.43,65.76,26.46,92.55,76.21,55.78,35.08,70.64,57.05
2019-02-25,279.52,46.12,110.74,54.13,65.87,26.57,92.68,76.51,56.14,34.79,70.98,56.68
2019-02-26,279.32,46.12,110.89,54.16,65.66,26.49,92.35,76.3,55.82,34.72,71.13,56.61
2019-02-27,279.2,45.89,110.81,54.08,65.91,26.59,91.92,76.6,55.73,34.61,71.06,56.68
2019-02-28,278.68,45.92,110.21,54.34,65.25,26.52,91.65,76.34,55.05,34.71,70.86,57.01
2019-03-01,280.42,46.28,111.1,54.24,66.45,26.69,92.95,76.41,54.98,34.67,71.34,57.13
2019-03-04,279.4,46.34,110.75,54.15,66.57,26.52,91.69,76.07,55.23,34.81,71.07,57.23
2019-03-05,279.02,46.63,111.03,54.11,66.35,26.42,91.64,75.58,54.97,34.91,70.86,57.16
2019-03-06,277.33,46.61,110.51,54.03,65.51,26.25,90.3,74.87,55.09,34.82,70.49,57.16
2019-03-07,275.01,46.2,109.17,53.68,65.12,25.98,89.59,74.42,54.64,34.79,69.82,57.35
2019-03-08,274.46,46.17,108.41,53.71,63.9,25.97,89.4,74.27,54.73,34.82,69.81,57.55
2019-03-11,278.44,47.0,109.9,54.41,64.9,26.24,90.42,74.9,55.51,35.36,71.31,57.96
2019-03-12,279.49,47.21,110.21,54.43,65.32,26.3,91.08,74.28,55.72,35.55,71.73,58.36
2019-03-13,281.34,47.35,110.6,54.74,65.98,26.48,92.06,74.93,55.99,35.72,72.2,58.42
2019-03-14,281.16,47.14,110.27,54.69,66.05,26.58,91.91,74.68,55.57,35.81,72.35,58.41
2019-03-15,281.31,47.02,110.6,54.7,65.51,26.63,91.99,73.99,55.4,35.46,72.99,58.19
2019-03-18,282.33,46.62,111.67,54.78,66.42,26.9,91.85,74.71,55.53,35.28,73.3,57.97
2019-03-19,282.4,46.7,112.23,54.74,66.24,26.69,92.58,74.44,55.46,35.18,73.45,57.31
2019-03-20,281.55,47.12,112.39,54.51,66.82,26.14,91.94,73.93,55.41,35.34,73.25,57.46
2019-03-21,284.73,47.74,113.93,55.15,67.29,26.06,92.3,74.64,56.0,35.97,75.09,58.07
2019-03-22,279.25,46.97,111.67,55.08,65.47,25.34,90.62,72.95,54.33,35.8,73.32,58.49
2019-03-25,279.04,46.89,112.33,55.19,65.5,25.23,90.57,73.12,54.23,35.83,73.0,58.54
2019-03-26,281.12,47.12,112.81,55.66,66.44,25.53,91.19,73.61,54.56,36.05,73.4,58.96
2019-03-27,279.65,46.78,112.58,55.47,65.97,25.42,90.43,73.69,54.49,35.93,72.98,58.55
2019-03-28,280.71,46.67,113.26,55.74,66.22,25.64,90.66,74.23,55.02,36.23,73.28,57.86
2019-03-29,282.48,46.77,113.85,56.11,66.12,25.71,91.75,75.03,55.5,36.22,74.0,58.17
2019-04-01,285.83,47.48,115.1,55.92,66.99,26.34,91.89,76.58,56.33,36.11,75.01,57.77
2019-04-02,285.97,47.73,115.08,55.46,66.53,26.32,91.68,76.55,56.52,36.42,75.27,57.85
2019-04-03,286.42,47.91,115.89,55.19,65.89,26.4,91.56,76.32,57.26,36.38,75.88,57.76
2019-04-04,287.18,48.18,116.83,55.4,66.44,26.56,91.37,76.79,57.84,36.27,75.56,57.56
2019-04-05,288.57,48.32,117.52,55.59,67.61,26.6,92.0,77.01,57.82,36.55,75.92,58.1
2019-04-08,288.79,48.23,117.94,55.82,67.91,26.63,91.98,76.68,57.84,36.37,76.21,57.69
2019-04-09,287.31,48.36,116.88,55.75,67.08,26.41,91.74,75.64,57.42,36.26,75.85,57.83
2019-04-10,288.29,48.57,117.44,55.91,67.33,26.49,91.77,75.62,57.39,36.55,76.38,57.65
2019-04-11,288.21,48.6,117.59,56.02,67.38,26.65,90.64,76.27,57.36,36.5,76.28,57.94
2019-04-12,290.16,49.02,118.32,56.2,67.56,27.14,89.81,77.28,58.12,36.7,76.81,58.21
2019-04-15,289.97,48.98,118.56,56.53,67.16,26.97,90.17,76.85,57.85,36.48,76.78,58.2
2019-04-16,290.16,49.03,119.08,56.54,67.6,27.35,88.32,77.32,58.11,35.62,77.17,57.48
2019-04-17,289.45,49.12,119.31,56.82,67.51,27.42,85.78,77.42,57.75,35.25,77.6,57.26
2019-04-18,290.02,49.15,119.27,56.87,67.19,27.34,85.92,78.31,57.82,35.53,77.82,57.29
2019-04-22,290.27,49.37,118.82,56.89,68.61,27.26,85.97,78.07,57.43,35.14,78.0,57.24
2019-04-23,292.88,50.03,120.24,56.71,68.5,27.43,87.33,78.75,57.69,35.54,78.85,57.4
2019-04-24,292.23,49.8,120.35,56.83,67.3,27.4,87.23,78.52,57.33,35.79,78.88,57.77
2019-04-25,292.05,50.36,119.72,56.47,67.09,27.45,88.13,76.94,56.6,35.75,78.86,58.01
2019-04-26,293.41,50.76,120.67,56.98,66.22,27.7,89.01,77.52,57.07,35.99,78.56,58.1
2019-04-29,293.87,51.22,120.25,57.05,66.16,27.98,88.85,77.7,56.96,35.62,78.58,57.76
2019-04-30,294.02,50.07,120.07,57.71,66.11,28.02,89.26,78.01,57.45,36.03,78.71,58.71
2019-05-01,291.81,49.81,118.61,57.0,64.79,27.79,89.1,77.5,56.41,36.03,78.51,58.11
2019-05-02,291.18,49.61,118.7,56.98,63.66,27.82,89.48,77.46,56.12,36.1,78.1,57.98
2019-05-03,294.03,50.09,120.1,57.41,64.25,28.07,90.16,78.4,56.67,36.35,78.84,58.3
2019-05-06,292.82,50.01,119.37,57.32,64.31,27.88,90.62,77.65,55.86,36.2,78.23,57.98
2019-05-07,287.93,49.2,117.56,56.75,63.75,27.42,88.88,76.08,54.88,35.58,76.55,57.8
2019-05-08,287.53,49.12,117.6,56.74,63.75,27.36,89.07,76.08,54.83,35.58,76.46,57.01
2019-05-09,286.66,48.97,117.12,56.62,63.75,27.3,88.88,75.97,54.4,35.7,75.94,56.94
2019-05-10,288.1,49.11,117.29,57.31,64.05,27.48,88.91,76.27,55.14,36.11,76.18,57.96
2019-05-13,280.86,47.59,113.8,56.77,62.95,26.68,87.24,74.1,53.9,36.11,73.31,58.58
2019-05-14,283.4,47.86,114.95,57.04,63.72,26.89,87.68,74.87,54.36,36.24,74.49,58.19
2019-05-15,285.06,48.93,115.73,57.49,64.05,26.79,87.94,74.97,54.22,36.48,75.3,58.09
2019-05-16,287.7,49.36,116.8,57.94,64.4,27.06,88.63,75.66,54.98,36.69,75.99,58.48
2019-05-17,285.84,49.0,115.91,57.75,63.75,26.88,88.44,74.82,54.65,36.64,75.38,58.78
2019-05-20,283.95,48.19,115.09,57.61,63.78,26.91,88.4,74.63,53.87,36.05,74.07,58.86
2019-05-21,286.51,48.72,115.89,57.49,64.52,27.19,89.23,75.51,54.7,36.35,74.98,58.97
2019-05-22,285.63,48.67,114.7,57.75,63.52,27.03,89.74,74.89,54.32,36.52,74.59,59.41
2019-05-23,282.14,47.99,113.28,57.73,61.39,26.65,89.43,73.75,53.49,36.7,73.28,59.92
2019-05-24,282.78,47.98,113.43,57.52,61.62,26.86,89.56,73.78,53.79,36.75,73.3,59.83
2019-05-28,280.15,48.19,112.68,56.58,60.98,26.55,88.28,73.1,53.25,36.37,73.09,58.85
2019-05-29,278.27,47.72,111.68,56.17,60.59,26.5,87.43,72.77,53.26,35.95,72.66,58.07
2019-05-30,279.03,47.83,112.41,56.41,59.82,26.41,87.91,73.05,53.35,36.17,73.11,57.98
2019-05-31,275.27,47.09,110.94,55.61,58.77,26.01,87.28,72.05,52.75,36.47,71.89,58.25
2019-06-03,274.57,45.61,110.01,56.31,59.52,26.18,87.49,72.54,54.41,36.61,70.63,58.83
2019-06-04,280.53,46.59,112.99,56.82,60.55,26.89,88.94,74.27,55.94,36.41,72.99,58.88
2019-06-05,282.96,46.61,113.55,57.47,59.88,27.06,89.61,74.99,56.35,37.24,73.94,60.14
2019-06-06,284.8,46.81,114.13,58.07,60.99,27.16,90.07,75.12,57.02,37.31,74.8,60.51
2019-06-07,287.65,47.57,115.78,58.63,61.27,27.12,91.01,75.72,57.53,37.43,76.19,60.06
2019-06-10,288.97,47.53,116.76,58.65,61.45,27.35,91.28,75.82,57.63,37.3,76.97,59.65
2019-06-11,288.9,47.73,117.21,58.84,61.57,27.36,91.13,75.17,57.59,37.37,76.97,59.29
2019-06-12,288.39,47.5,117.18,58.93,60.7,27.09,91.57,75.33,57.78,37.51,76.54,60.06
2019-06-13,289.58,48.03,118.23,59.06,61.41,27.18,91.46,75.71,58.12,37.56,76.77,60.18
2019-06-14,289.26,48.12,118.49,59.09,61.01,27.24,91.25,75.41,57.87,37.72,76.1,60.81
2019-06-17,289.37,48.67,118.54,58.92,61.52,26.99,91.66,75.15,57.34,38.13,76.16,60.64
2019-06-18,292.4,48.94,119.44,58.6,62.37,27.35,92.44,76.61,57.79,38.02,77.54,60.39
2019-06-19,293.06,49.0,119.66,58.84,62.3,27.3,93.27,76.55,57.47,38.27,77.82,60.85
2019-06-20,295.86,49.31,120.49,59.36,63.68,27.42,93.68,77.83,58.2,38.5,78.96,61.24
2019-06-21,294.0,49.4,119.52,58.72,63.56,27.22,93.73,77.08,57.67,37.77,78.31,60.99
2019-06-24,293.64,49.52,118.88,58.87,62.99,27.11,93.24,76.93,57.89,37.58,78.46,61.01
2019-06-25,290.76,48.6,117.74,58.84,62.49,27.02,92.86,76.35,57.92,37.07,77.02,60.64
2019-06-26,290.47,48.41,118.12,58.0,63.45,26.97,91.69,76.54,57.82,36.35,77.85,59.32
2019-06-27,291.5,48.75,118.86,58.11,62.98,27.21,92.33,76.61,58.01,36.65,78.05,59.4
2019-06-28,293.0,49.22,119.2,58.07,63.71,27.6,92.64,77.42,58.5,36.77,78.04,59.63
2019-07-01,295.66,49.62,120.25,58.42,63.77,27.93,93.1,77.49,58.95,36.7,79.28,59.48
2019-07-02,296.43,50.08,120.51,58.93,62.75,27.86,93.6,77.39,58.89,37.38,79.49,60.29
2019-07-03,298.8,50.34,121.56,59.66,63.0,28.08,94.4,77.82,59.19,37.92,80.1,60.71
2019-07-05,298.46,50.41,121.7,59.4,63.09,28.16,93.75,77.51,58.92,37.71,79.95,60.68
2019-07-08,296.82,49.96,121.85,59.48,63.18,28.02,93.05,76.87,58.24,37.85,79.34,60.77
2019-07-09,297.19,50.27,121.98,59.13,63.23,28.07,93.14,76.7,57.67,38.05,79.62,60.85
2019-07-10,298.61,50.84,122.42,59.51,64.04,27.97,93.46,76.52,57.55,38.26,80.25,60.99
2019-07-11,299.31,50.87,122.67,59.66,64.17,28.13,93.48,77.04,57.8,37.77,80.55,61.01
2019-07-12,300.65,51.24,124.08,59.83,64.44,28.32,92.44,78.39,58.37,37.62,81.14,60.61
2019-07-15,300.75,51.25,124.48,59.97,63.86,28.16,92.64,78.07,58.41,37.67,81.41,60.85
2019-07-16,299.78,51.13,124.32,59.99,63.18,28.09,92.18,78.57,58.55,37.61,80.65,60.5
2019-07-17,297.74,50.65,123.13,59.92,62.46,27.85,92.2,76.89,58.03,37.42,80.44,60.73
2019-07-18,298.83,50.24,122.97,60.32,62.47,28.06,92.72,77.03,58.28,37.41,81.04,61.26
2019-07-19,297.17,49.59,122.16,59.94,62.76,27.94,91.76,77.45,58.41,36.8,80.69,60.37
2019-07-22,297.9,49.78,122.23,59.59,63.05,28.0,91.57,77.51,58.26,36.76,81.62,60.24
2019-07-23,300.03,49.97,123.06,60.02,63.22,28.29,92.14,78.49,59.46,37.12,82.07,59.86
2019-07-24,301.44,50.41,123.68,59.62,63.49,28.58,92.19,78.83,59.42,37.09,82.75,59.91
2019-07-25,300.0,50.28,122.99,59.7,62.77,28.38,91.74,78.67,58.99,36.93,82.41,59.76
2019-07-26,302.01,51.72,123.55,60.37,62.45,28.69,92.07,78.5,59.06,37.05,82.59,59.98
2019-07-29,301.46,51.43,122.95,60.48,62.2,28.47,92.45,78.36,58.86,37.19,82.54,60.29
2019-07-30,300.72,51.19,122.12,60.66,62.9,28.39,92.05,78.7,59.25,37.56,82.01,59.83
2019-07-31,297.43,50.78,120.72,59.43,62.7,28.25,91.14,77.82,58.34,37.41,80.77,59.55
2019-08-01,294.84,50.54,119.08,59.22,61.28,27.61,91.26,76.31,58.01,37.5,80.36,60.16
2019-08-02,292.62,50.05,118.1,59.23,60.4,27.6,91.05,75.82,57.33,37.79,79.05,60.15
2019-08-05,283.82,48.43,114.93,57.69,58.6,26.68,88.91,73.72,56.25,37.07,75.75,59.29
2019-08-06,287.8,49.13,116.68,58.21,58.53,27.11,90.06,74.83,56.32,37.53,77.01,60.03
2019-08-07,287.97,49.19,117.15,58.89,58.09,26.75,90.09,74.79,57.1,37.88,77.49,60.18
2019-08-08,293.62,50.18,119.41,59.65,59.76,27.26,91.29,76.06,58.19,38.48,79.39,60.8
2019-08-09,291.62,49.62,118.29,59.32,59.1,27.17,91.4,75.42,57.73,38.47,78.49,60.87
2019-08-12,288.07,49.07,116.57,58.92,58.4,26.65,90.51,74.38,56.83,38.43,77.46,60.75
2019-08-13,292.55,49.81,118.49,59.59,58.94,26.98,91.69,75.27,57.44,38.46,79.4,60.79
2019-08-14,283.9,48.04,114.78,58.65,56.63,25.98,89.14,72.97,55.62,37.86,76.96,60.29
2019-08-15,284.65,48.12,114.59,59.53,56.28,26.11,89.45,72.89,55.64,38.39,76.82,61.07
2019-08-16,288.85,48.74,115.89,60.21,57.02,26.57,90.55,74.3,56.62,38.66,78.28,61.38
2019-08-19,292.33,49.5,117.35,60.81,58.28,26.84,91.42,75.0,57.07,39.01,79.47,61.77
2019-08-20,290.09,49.17,117.38,60.15,57.79,26.48,90.64,74.56,56.4,38.72,79.07,61.67
2019-08-21,292.45,49.36,119.64,60.31,58.16,26.6,91.31,75.02,56.69,38.88,80.0,62.08
2019-08-22,292.36,49.25,119.67,60.63,57.9,26.78,90.86,75.13,56.31,39.07,79.81,62.14
2019-08-23,284.85,47.9,116.49,59.62,55.96,26.1,88.76,73.12,54.95,38.58,77.17,61.48
2019-08-26,288.0,48.62,117.64,60.36,56.2,26.35,89.69,73.66,55.13,38.94,78.24,62.19
2019-08-27,286.87,48.71,117.06,60.19,55.85,26.19,89.16,73.28,55.17,38.81,78.12,62.3
2019-08-28,288.89,48.83,118.52,60.77,56.65,26.43,89.81,74.18,55.6,38.92,78.19,62.13
2019-08-29,292.58,49.59,120.3,60.8,57.48,26.83,90.49,75.45,56.31,39.2,79.55,62.56
2019-08-30,292.45,49.53,119.58,60.72,57.48,26.92,90.6,75.76,56.69,39.21,79.53,62.58
2019-09-03,290.74,49.04,119.09,61.07,57.2,26.64,90.07,74.73,56.24,39.77,78.56,63.69
2019-09-04,294.04,49.99,120.27,61.62,58.0,26.9,90.13,75.68,56.93,40.1,79.9,63.75
2019-09-05,297.82,50.84,122.57,61.24,58.72,27.45,91.02,77.04,57.02,39.75,81.57,63.06
2019-09-06,298.05,50.73,122.87,61.44,59.03,27.44,91.27,77.2,57.24,39.8,81.5,62.81
2019-09-09,298.2,50.89,123.34,61.3,60.21,27.86,90.43,77.43,56.94,39.5,80.89,62.5
2019-09-10,298.13,50.96,122.85,60.92,60.92,27.96,90.69,78.14,57.5,38.92,80.48,62.58
2019-09-11,300.25,51.23,123.08,61.14,60.98,28.12,91.59,78.87,58.05,38.83,81.32,63.2
2019-09-12,301.29,51.38,123.67,61.39,60.6,28.27,91.56,78.92,58.5,39.06,81.76,63.34
2019-09-13,301.09,51.29,123.42,61.04,61.08,28.49,91.51,79.35,59.14,38.59,81.16,62.94
2019-09-16,300.16,51.1,121.84,60.45,63.13,28.39,91.31,79.28,58.17,38.99,80.96,62.99
2019-09-17,300.92,51.15,122.58,60.78,62.25,28.42,91.45,79.24,58.64,39.54,81.29,63.54
2019-09-18,301.1,51.09,122.52,60.88,61.95,28.52,91.44,79.12,58.67,39.42,81.28,63.81
2019-09-19,301.08,51.14,122.19,60.87,61.79,28.39,91.87,78.72,58.77,39.55,81.46,64.11
2019-09-20,298.28,50.69,120.39,60.32,61.28,28.08,92.0,77.81,58.34,39.12,80.26,63.87
2019-09-23,298.21,50.51,120.81,60.56,61.3,28.13,91.51,77.66,58.2,39.26,80.51,63.88
2019-09-24,295.87,49.75,119.52,60.81,60.33,27.86,90.67,77.22,57.7,39.21,79.73,64.63
2019-09-25,297.62,50.32,120.61,60.85,60.43,28.09,90.23,77.72,58.0,39.17,80.68,64.59
2019-09-26,297.0,49.83,120.09,61.19,59.64,27.96,89.73,77.83,57.87,39.55,80.77,64.93
2019-09-27,295.4,49.27,119.67,61.12,59.63,28.07,89.33,77.52,57.71,39.29,79.69,64.7
2019-09-30,296.77,49.52,120.7,61.42,59.2,28.0,90.13,77.63,58.2,39.34,80.53,64.74
2019-10-01,293.24,49.02,119.69,61.26,57.83,27.41,89.25,75.77,56.83,39.0,79.78,64.59
2019-10-02,288.06,48.28,117.54,60.03,56.41,26.85,87.95,74.34,55.81,38.76,78.28,63.73
2019-10-03,290.42,48.75,118.11,60.45,57.02,26.96,88.74,74.83,56.01,39.22,79.24,63.88
2019-10-04,294.35,49.41,119.22,61.4,57.38,27.46,90.13,75.61,56.31,39.4,80.55,64.77
2019-10-07,293.08,49.41,118.7,60.9,56.87,27.32,89.83,75.23,56.11,39.33,80.21,64.52
2019-10-08,288.53,48.61,117.45,60.32,55.9,26.78,88.12,74.07,55.13,39.14,78.74,63.92
2019-10-09,291.27,48.9,118.45,60.78,56.41,27.03,88.76,74.7,55.75,39.26,79.91,64.23
2019-10-10,293.24,49.18,119.24,60.9,57.12,27.31,89.2,75.38,56.26,39.36,80.46,64.16
2019-10-11,296.28,49.76,120.59,60.84,57.89,27.65,89.94,76.8,57.35,39.23,81.57,63.92
2019-10-14,295.95,49.65,120.53,60.54,57.86,27.69,89.9,76.65,56.94,39.29,81.52,63.51
2019-10-15,298.88,50.5,121.59,60.28,58.1,28.09,91.54,77.27,57.34,39.32,82.42,63.31
2019-10-16,298.4,50.59,122.09,60.34,57.29,28.02,91.42,77.23,57.46,39.27,81.85,63.45
2019-10-17,299.28,50.89,122.41,60.62,57.33,28.04,92.1,77.61,57.61,39.53,81.69,63.61
2019-10-18,297.97,50.3,122.17,60.74,57.03,28.11,91.76,76.94,57.51,39.91,80.91,63.82
2019-10-21,299.99,50.6,122.6,60.94,58.05,28.5,91.66,77.4,57.33,40.18,81.78,64.07
2019-10-22,299.01,50.11,121.82,60.96,58.8,28.42,91.86,78.01,57.09,40.06,80.68,64.34
2019-10-23,299.88,50.5,121.26,61.24,59.29,28.54,92.43,78.0,57.45,40.13,80.75,64.6
2019-10-24,300.37,49.93,121.2,61.45,59.04,28.5,91.96,78.11,57.63,39.98,81.93,64.82
2019-10-25,301.6,50.32,121.06,61.09,59.52,28.64,92.06,78.6,58.26,39.49,82.92,64.16
2019-10-28,303.3,50.79,121.44,60.97,59.18,28.79,93.01,78.82,58.44,39.07,83.97,63.28
2019-10-29,303.21,50.33,120.75,60.97,59.42,28.86,94.33,79.08,58.8,39.17,83.21,63.34
2019-10-30,304.14,50.47,121.5,61.25,58.21,28.84,94.86,79.36,58.85,39.46,83.72,63.9
2019-10-31,303.33,50.62,120.85,61.16,57.96,28.7,94.75,78.51,58.19,39.33,83.67,64.25
2019-11-01,306.14,50.95,121.65,61.15,59.28,29.12,94.87,80.22,59.01,39.23,84.67,64.09
2019-11-04,307.37,51.23,121.71,60.56,61.21,29.37,94.58,81.15,59.47,38.79,85.11,63.27
2019-11-05,307.03,51.25,121.89,60.76,61.29,29.48,93.91,81.32,59.57,38.12,85.01,62.62
2019-11-06,307.1,51.07,122.02,61.01,60.04,29.63,94.23,81.37,59.53,38.26,84.97,62.86
2019-11-07,308.18,51.39,121.29,60.8,60.94,29.85,94.44,81.65,59.93,37.85,85.64,62.01
2019-11-08,308.94,51.53,121.34,60.76,60.69,29.84,95.13,81.76,60.17,37.78,86.12,61.75
2019-11-11,308.35,51.29,121.09,60.67,60.35,29.76,94.74,81.8,60.08,37.85,86.16,61.37
2019-11-12,309.0,51.35,121.01,60.87,60.04,29.8,95.31,81.79,60.39,37.6,86.45,61.52
2019-11-13,309.1,51.33,120.63,61.33,59.78,29.61,95.42,81.45,60.04,37.98,86.64,62.43
2019-11-14,309.55,51.56,121.15,61.31,59.62,29.67,95.43,81.71,60.41,38.36,86.54,62.65
2019-11-15,311.79,51.99,121.37,61.33,60.08,29.75,97.46,82.31,60.36,38.55,87.24,62.85
2019-11-18,312.02,52.17,121.79,61.65,59.35,29.81,97.13,82.0,60.21,38.76,87.5,62.98
2019-11-19,311.93,52.2,120.45,61.57,58.47,29.87,97.79,81.93,60.08,38.84,87.67,62.82
2019-11-20,310.77,51.88,120.17,61.71,59.06,29.73,97.66,81.28,59.33,38.86,87.14,63.2
2019-11-21,310.27,52.02,119.49,61.4,60.03,29.7,97.91,81.25,59.23,38.34,86.7,62.98
2019-11-22,310.96,52.04,120.31,61.3,59.83,29.92,98.26,81.67,59.33,38.12,86.59,63.0
2019-11-25,313.37,52.2,121.37,61.37,59.89,30.11,99.41,82.26,59.72,38.15,87.85,62.79
2019-11-26,314.08,52.37,122.2,61.87,59.34,30.08,99.33,82.5,60.02,38.68,87.93,63.0
2019-11-27,315.48,52.74,123.25,62.02,59.49,30.2,99.84,82.42,60.26,38.8,88.42,63.11
2019-11-29,314.31,52.56,122.45,62.0,58.89,30.15,99.49,82.04,60.04,38.65,88.16,63.05
2019-12-02,311.64,52.06,121.44,62.14,58.89,29.96,99.05,80.69,59.44,37.94,86.9,62.64
2019-12-03,309.55,51.96,120.22,62.04,58.01,29.54,98.83,79.81,59.06,38.25,86.13,62.81
2019-12-04,311.46,52.23,120.89,62.45,58.88,29.82,99.75,80.12,59.19,38.45,86.48,63.29
2019-12-05,312.02,52.45,120.77,62.43,58.6,29.96,99.75,80.14,59.49,38.51,86.8,63.4
2019-12-06,314.87,52.76,121.74,62.67,59.72,30.36,100.41,81.11,60.1,38.52,87.76,63.21
2019-12-09,313.88,52.56,121.89,62.72,59.65,30.29,99.71,80.8,59.98,38.57,87.3,62.99
2019-12-10,313.53,52.38,121.68,62.52,59.77,30.3,99.93,80.7,59.62,38.3,87.37,62.98
2019-12-11,314.42,52.62,121.99,62.61,59.67,30.23,100.02,81.21,60.07,38.01,87.96,63.15
2019-12-12,317.13,52.68,123.06,62.56,60.77,30.82,100.95,81.93,60.91,37.55,88.9,62.88
2019-12-13,317.32,52.56,123.17,62.78,60.31,30.71,100.88,81.71,60.44,37.59,89.49,63.37
2019-12-16,319.5,53.08,123.71,63.0,61.12,30.82,101.97,81.67,60.7,37.88,90.29,64.16
2019-12-17,319.57,53.03,124.26,62.9,61.16,30.94,101.86,81.59,60.79,37.47,90.08,64.37
2019-12-18,319.59,53.39,124.38,62.8,61.39,30.81,102.0,81.25,60.71,38.0,90.07,64.63
2019-12-19,320.9,53.88,124.77,63.14,61.37,30.8,102.4,81.47,60.92,38.36,90.72,64.65
2019-12-20,320.73,53.93,124.55,63.1,61.36,30.68,102.7,81.44,60.88,38.24,90.95,64.59
2019-12-23,321.22,53.79,124.26,62.83,61.99,30.61,103.11,82.11,61.05,38.01,91.21,63.99
2019-12-24,321.23,53.78,124.54,62.91,61.96,30.68,102.98,81.78,61.12,38.06,91.24,64.08
2019-12-26,322.94,54.19,126.06,62.97,61.94,30.85,102.91,81.97,61.39,38.29,91.92,64.19
2019-12-27,322.86,54.09,126.05,63.25,61.68,30.77,102.94,81.9,61.16,38.43,91.91,64.38
2019-12-30,321.08,53.53,125.24,62.92,59.7,30.68,101.66,81.52,60.97,38.4,91.38,64.37
2019-12-31,321.86,53.63,125.42,62.98,60.04,30.78,101.86,81.47,61.42,38.67,91.67,64.62
2020-01-02,324.87,54.26,126.91,62.48,60.58,31.08,102.13,83.01,60.7,38.22,93.39,63.81
2020-01-03,322.41,53.91,125.83,62.38,60.4,30.75,101.24,82.85,59.72,38.5,92.34,63.94
2020-01-06,323.64,54.63,126.18,62.51,60.87,30.73,101.87,82.88,59.46,38.51,92.56,64.0
2020-01-07,322.73,54.7,125.98,62.03,60.71,30.53,101.67,82.71,59.39,38.09,92.52,63.91
2020-01-08,324.45,55.09,126.36,62.26,59.71,30.73,102.33,82.99,59.6,38.28,93.51,63.88
2020-01-09,326.65,55.38,127.03,62.7,60.15,30.92,102.77,83.34,59.82,38.27,94.57,64.23
2020-01-10,325.71,55.16,126.34,62.66,59.81,30.69,102.8,82.75,59.58,38.64,94.35,64.4
2020-01-13,327.95,55.68,126.74,63.07,59.83,30.9,102.44,83.43,60.35,39.11,95.53,64.79
2020-01-14,327.45,55.54,126.7,63.09,59.84,30.84,103.06,83.44,60.1,38.92,95.08,64.98
2020-01-15,328.19,55.81,126.41,63.54,59.4,30.67,103.95,83.57,60.51,39.19,95.19,65.89
2020-01-16,330.92,56.24,127.54,63.71,59.5,30.94,104.49,84.4,60.87,39.54,96.47,66.3
2020-01-17,331.95,56.68,127.99,63.82,59.12,31.03,104.49,84.41,61.14,39.59,97.12,66.76
2020-01-21,331.3,56.63,127.6,64.04,58.06,30.77,104.6,83.48,60.48,39.99,97.08,67.37
2020-01-22,331.34,56.6,127.54,64.09,57.5,30.86,104.73,83.04,60.24,39.67,97.43,67.58
2020-01-23,331.72,56.37,127.73,64.03,57.28,30.78,104.2,83.94,60.17,40.05,97.89,68.18
2020-01-24,328.77,55.69,125.95,63.59,56.62,30.39,102.46,83.55,59.74,39.99,97.43,68.36
2020-01-27,323.5,54.82,124.07,63.39,55.05,29.92,101.68,81.97,58.45,39.82,95.11,68.19
2020-01-28,326.89,55.45,125.28,63.47,55.3,30.27,102.18,82.5,59.11,39.92,96.93,68.47
2020-01-29,326.62,55.36,125.21,63.15,54.72,30.22,101.9,82.94,59.3,39.71,97.18,68.65
2020-01-30,327.68,54.8,125.0,63.9,55.16,30.6,101.16,83.03,58.93,39.8,98.02,69.29
2020-01-31,321.73,53.91,125.32,63.18,53.44,29.96,99.14,81.11,57.63,39.23,95.33,68.98
2020-02-03,324.12,54.55,126.21,63.18,52.74,30.17,100.04,81.08,58.84,39.27,96.59,69.2
2020-02-04,329.06,55.12,128.51,63.56,52.93,30.46,101.8,82.61,59.88,39.78,99.12,68.51
2020-02-05,332.86,55.21,129.16,64.07,54.92,31.07,103.76,83.99,60.99,39.75,99.7,68.79
2020-02-06,333.98,55.9,128.87,64.18,54.36,31.03,103.85,84.26,60.96,39.92,100.61,68.81
2020-02-07,332.2,55.86,128.31,64.26,53.98,30.92,103.04,83.65,60.09,39.94,99.69,68.59
2020-02-10,334.68,56.19,129.76,64.53,53.71,31.01,103.59,84.12,60.06,40.4,101.04,68.85
2020-02-11,335.26,56.13,130.78,64.29,54.31,31.12,104.21,84.44,60.39,40.89,100.7,69.1
2020-02-12,337.42,56.86,132.12,64.26,55.04,31.14,104.34,85.23,60.72,41.15,101.79,69.15
2020-02-13,337.06,56.87,131.89,64.64,54.87,31.13,103.85,84.75,60.5,41.4,101.52,69.92
2020-02-14,337.6,56.94,131.69,64.79,54.58,31.17,103.93,84.64,60.51,41.88,101.96,70.39
2020-02-18,336.73,57.32,131.68,64.56,54.13,30.9,103.56,84.16,60.36,41.84,101.58,70.98
2020-02-19,338.34,57.58,132.27,64.49,54.85,31.13,104.04,84.13,60.52,41.25,102.79,70.21
2020-02-20,336.95,56.99,132.32,64.54,54.79,31.07,103.37,84.01,60.62,41.71,101.72,70.46
2020-02-21,333.48,56.12,130.3,64.65,54.14,30.77,103.43,83.59,60.34,41.93,99.44,70.33
2020-02-24,322.42,54.24,125.82,63.16,51.64,29.77,100.17,81.21,58.64,41.37,95.33,69.51
2020-02-25,312.65,52.79,122.46,62.02,49.36,28.76,97.13,77.9,56.11,40.33,92.28,68.05
2020-02-26,311.5,52.69,121.49,61.67,47.87,28.55,97.12,77.31,55.92,39.98,92.7,67.36
2020-02-27,297.51,50.61,116.58,59.16,45.31,27.33,93.82,74.44,53.3,37.72,87.7,64.33
2020-02-28,296.26,50.76,115.83,57.99,45.27,26.59,92.61,73.08,52.72,36.79,88.37,62.18
2020-03-02,309.09,52.52,119.81,61.09,47.1,27.95,96.95,75.65,54.98,38.62,93.48,65.84
2020-03-03,300.24,50.79,116.91,60.26,45.66,26.9,94.54,73.8,54.5,38.59,89.93,65.03
2020-03-04,312.86,52.62,120.95,63.22,46.74,27.79,99.99,76.85,56.76,40.09,93.79,68.72
2020-03-05,302.46,50.7,116.44,62.03,45.03,26.45,97.67,73.09,54.96,39.17,90.83,67.66
2020-03-06,297.46,49.82,114.65,61.54,42.5,25.55,97.15,72.45,53.53,38.5,88.91,67.11
2020-03-09,274.23,46.5,107.43,58.86,33.94,22.81,92.1,65.77,48.52,35.78,82.16,63.46
2020-03-10,288.42,48.87,113.37,60.55,35.55,24.15,95.26,69.18,50.49,37.52,87.64,64.05
2020-03-11,274.36,46.77,107.17,57.58,33.67,22.84,91.62,65.12,48.09,35.51,83.5,60.83
2020-03-12,248.11,42.38,96.34,52.17,29.47,20.37,84.78,58.38,43.46,32.46,75.35,54.69
2020-03-13,269.32,46.19,102.3,56.61,32.19,23.05,90.66,62.94,46.51,35.31,84.19,57.67
2020-03-16,239.85,40.98,89.34,52.77,27.81,19.89,81.72,55.8,41.39,29.66,72.56,51.12
2020-03-17,252.8,42.76,92.78,57.22,28.0,20.97,86.85,58.37,43.95,31.46,77.5,57.66
2020-03-18,240.0,41.34,87.45,55.75,23.98,19.19,83.97,54.07,41.14,29.25,74.58,55.15
2020-03-19,240.51,42.08,90.5,53.89,25.61,19.61,82.25,54.11,42.19,28.79,74.85,51.94
2020-03-20,228.8,40.22,87.81,50.4,25.86,18.91,79.09,51.4,40.68,27.16,71.42,47.82
2020-03-23,222.95,40.32,87.53,48.63,23.57,17.66,74.62,48.77,38.35,25.46,70.4,44.93
2020-03-24,243.15,42.8,95.74,51.11,27.35,19.85,80.37,54.94,42.86,27.68,77.61,49.76
2020-03-25,246.79,42.14,97.42,50.97,28.64,20.39,81.44,57.83,43.86,28.91,77.51,51.03
2020-03-26,261.2,44.54,101.45,53.76,30.39,21.67,86.85,61.48,45.92,31.13,82.31,55.38
2020-03-27,253.42,42.76,98.05,53.51,28.33,21.01,84.99,58.89,44.26,31.21,78.59,55.68
2020-03-30,261.65,44.32,100.1,55.6,28.62,21.41,88.97,59.75,45.67,32.02,81.9,57.74
2020-03-31,257.75,44.24,98.08,54.47,29.06,20.82,88.58,59.01,45.04,31.0,80.37,55.41
2020-04-01,246.15,42.48,93.7,53.55,27.62,19.55,85.21,56.35,43.01,29.12,76.54,52.08
2020-04-02,251.83,43.02,94.05,54.92,30.15,20.04,87.57,57.1,43.66,29.55,78.33,53.71
2020-04-03,248.19,42.15,92.41,55.35,29.83,19.64,86.78,56.34,42.61,29.3,77.12,51.79
2020-04-06,264.86,44.93,100.1,57.41,31.41,21.05,91.33,60.24,45.78,31.42,83.7,55.79
2020-04-07,265.13,45.26,101.59,56.75,32.08,21.26,90.58,60.1,47.0,31.43,82.95,55.09
2020-04-08,274.03,46.23,104.79,57.59,34.22,22.19,94.31,62.28,49.3,33.79,85.18,58.09
2020-04-09,278.2,46.57,106.68,58.13,33.91,23.38,94.83,63.22,51.42,35.53,85.2,60.83
2020-04-13,275.66,46.64,106.65,57.7,33.8,22.53,94.0,61.37,50.29,33.9,85.39,58.9
2020-04-14,283.79,48.02,110.82,60.15,33.64,22.63,97.12,62.54,50.94,35.03,88.97,60.63
2020-04-15,277.76,47.57,108.39,59.2,32.06,21.65,96.62,60.81,48.6,33.68,87.03,58.63
2020-04-16,279.1,47.76,109.69,59.59,30.69,21.27,98.73,60.27,48.32,33.46,88.09,58.64
2020-04-17,286.64,48.41,112.93,60.5,33.95,22.39,100.78,63.1,50.26,34.54,89.26,60.53
2020-04-20,281.59,47.97,110.96,59.31,32.89,22.0,99.98,61.42,49.02,33.26,87.83,58.24
2020-04-21,273.04,46.46,108.08,58.05,32.31,21.29,96.94,59.97,47.81,32.77,84.15,57.28
2020-04-22,279.1,47.71,110.41,58.61,33.46,21.52,98.42,60.6,48.75,33.34,87.39,58.95
2020-04-23,279.08,48.05,110.38,58.09,34.54,21.43,98.96,61.08,49.09,32.96,86.79,57.96
2020-04-24,282.97,48.66,112.25,58.71,34.62,21.74,100.29,61.57,49.86,33.08,88.63,58.32
2020-04-27,287.05,49.06,114.35,58.88,35.37,22.48,101.58,63.1,51.19,34.04,89.39,58.93
2020-04-28,285.73,48.17,114.8,59.21,36.18,22.72,99.53,64.28,52.14,34.07,88.2,59.15
2020-04-29,293.21,50.5,117.33,58.96,38.86,23.38,100.19,65.51,53.47,34.16,91.82,58.61
2020-04-30,290.48,50.28,116.6,58.26,38.0,22.79,99.73,64.21,51.88,33.92,91.41,57.26
2020-05-01,282.79,49.58,112.24,57.62,35.85,22.06,97.83,62.27,50.79,32.88,88.9,55.88
2020-05-04,283.57,49.87,112.85,57.59,37.09,21.86,97.78,61.48,50.97,32.86,90.08,56.3
2020-05-05,286.19,50.13,113.26,57.64,37.12,21.79,99.9,61.72,51.1,33.07,91.32,56.76
2020-05-06,284.25,49.99,113.24,57.01,36.15,21.32,98.91,60.87,50.22,32.46,92.03,54.83
2020-05-07,287.68,50.93,115.02,56.85,37.09,21.82,98.9,61.58,51.25,32.75,93.41,55.05
2020-05-08,292.44,51.86,117.26,58.12,38.78,22.29,99.41,63.11,52.48,33.35,94.78,56.16
2020-05-11,292.5,51.89,117.0,58.04,38.1,21.86,101.12,62.32,51.68,32.95,95.41,55.92
2020-05-12,286.67,50.88,114.44,57.55,37.43,21.29,99.58,60.57,50.89,31.55,93.44,55.43
2020-05-13,281.6,50.01,112.47,57.03,35.73,20.66,98.5,59.05,49.82,31.05,91.83,54.96
2020-05-14,284.97,50.55,114.15,56.89,36.13,21.19,99.58,59.67,50.43,31.09,93.0,55.55
2020-05-15,286.28,51.25,115.48,57.39,35.99,21.05,100.42,59.46,50.87,30.98,93.47,54.81
2020-05-18,295.0,52.33,119.85,58.3,38.93,22.13,101.25,63.38,53.19,32.49,95.76,57.06
2020-05-19,291.97,52.32,119.42,57.23,37.84,21.59,100.03,62.57,52.68,31.86,95.41,56.12
2020-05-20,296.93,53.77,120.98,57.91,39.35,22.07,100.15,63.74,53.52,32.16,97.5,56.43
2020-05-21,294.88,53.39,121.41,57.27,38.72,22.0,99.41,63.89,53.01,32.0,96.14,55.86
2020-05-22,295.44,53.71,121.23,57.47,38.48,21.92,99.62,63.84,52.93,32.7,96.49,56.48
2020-05-26,299.08,53.86,123.15,57.78,39.55,23.06,99.44,66.52,54.38,33.74,96.39,56.85
2020-05-27,303.53,54.24,125.26,58.65,40.06,24.06,100.47,68.74,54.93,34.46,96.94,57.53
2020-05-28,302.97,53.73,123.74,59.17,38.94,23.68,101.78,68.09,55.44,34.85,96.75,59.23
2020-05-29,304.32,54.02,124.19,59.23,38.76,23.41,103.01,67.67,55.45,34.65,97.97,59.69
2020-06-01,305.55,54.64,125.37,59.64,39.44,23.68,101.99,67.82,55.83,35.34,97.94,60.4
2020-06-02,308.08,54.86,126.44,59.8,40.54,23.87,102.58,68.7,56.84,35.57,98.86,60.79
2020-06-03,312.18,55.03,128.83,59.88,41.73,24.76,102.38,71.38,58.13,36.42,99.63,61.52
2020-06-04,311.36,54.62,128.18,59.59,41.74,25.3,101.57,72.14,58.34,35.74,98.81,60.42
2020-06-05,319.34,55.51,131.25,60.42,44.84,26.24,103.21,74.79,59.83,37.05,101.41,61.19
2020-06-08,323.2,56.55,133.25,61.07,46.86,26.74,103.92,76.29,59.91,37.86,101.92,62.83
2020-06-09,320.79,56.41,132.21,60.57,45.1,26.17,102.84,74.39,59.18,37.42,102.4,61.57
2020-06-10,319.0,56.24,130.97,60.4,42.88,25.19,102.68,72.61,58.51,36.72,104.11,61.21
2020-06-11,300.61,53.65,124.11,58.11,38.84,23.13,96.97,67.51,53.99,34.45,98.14,58.82
2020-06-12,304.21,54.12,125.34,58.12,39.82,23.83,97.6,68.82,55.04,35.54,99.41,58.67
2020-06-15,307.05,54.99,126.53,58.79,39.94,24.16,97.82,69.5,55.62,35.99,100.37,59.07
2020-06-16,312.96,55.44,129.19,59.71,41.09,24.54,100.23,70.86,56.78,36.59,102.51,59.34
2020-06-17,311.66,55.51,128.85,59.62,39.69,24.17,100.13,70.35,56.31,36.16,102.49,59.16
2020-06-18,311.78,55.69,128.38,59.93,40.18,24.14,99.79,70.09,56.35,35.71,102.95,59.15
2020-06-19,308.64,55.54,127.38,59.62,39.57,23.98,100.75,69.23,56.18,35.35,102.24,57.49
2020-06-22,310.62,55.55,128.39,58.99,39.25,23.71,99.94,69.04,56.08,34.98,103.88,57.57
2020-06-23,312.05,55.91,129.4,58.9,39.29,23.82,100.37,69.05,56.21,34.85,104.63,56.99
2020-06-24,304.09,54.65,126.55,57.91,37.11,22.98,97.75,66.65,54.57,33.96,102.27,56.47
2020-06-25,307.35,54.89,126.72,58.32,37.82,23.59,98.71,67.39,55.25,34.32,103.58,55.77
2020-06-26,300.05,52.47,123.75,57.13,36.51,22.58,97.51,66.14,54.49,33.73,101.54,55.18
2020-06-29,304.46,53.44,126.1,58.21,37.0,22.83,98.39,68.31,55.55,34.31,102.65,56.22
2020-06-30,308.36,54.04,127.71,58.64,37.85,23.14,100.07,68.7,56.35,34.81,104.49,56.43
2020-07-01,310.52,55.38,129.0,58.69,36.93,22.94,100.84,68.39,56.47,35.76,104.66,57.75
2020-07-02,312.23,55.2,129.51,58.99,37.34,22.97,101.6,68.98,57.53,35.64,105.27,57.9
2020-07-06,317.05,56.31,132.58,59.28,37.45,23.41,102.63,69.97,58.35,35.68,107.11,57.19
2020-07-07,313.78,56.15,130.5,59.82,36.26,22.93,101.74,68.63,58.37,35.1,105.99,56.96
2020-07-08,316.18,56.65,131.89,59.67,36.23,23.17,101.75,68.63,57.54,35.08,107.72,57.47
2020-07-09,314.38,56.72,131.74,59.2,34.44,22.68,100.95,67.14,57.0,34.96,108.11,56.7
2020-07-10,317.59,57.7,133.31,60.29,35.54,23.46,100.71,68.01,57.99,35.0,108.08,57.77
2020-07-13,314.84,56.54,131.62,60.2,35.35,23.56,101.28,68.29,57.99,34.45,105.84,57.83
2020-07-14,318.92,57.1,132.93,61.08,36.59,23.68,103.29,69.77,59.45,34.79,107.06,58.37
2020-07-15,321.85,57.44,134.83,61.13,37.38,24.15,104.63,71.55,60.45,34.95,107.64,58.14
2020-07-16,320.79,57.54,134.47,61.26,37.21,24.15,104.46,71.57,60.65,34.54,106.31,58.88
2020-07-17,321.72,57.41,133.84,61.59,36.69,23.95,105.89,72.0,61.16,35.02,106.83,60.21
2020-07-20,324.32,58.1,135.98,60.97,36.08,23.84,105.87,71.12,60.63,34.69,109.56,59.42
2020-07-21,325.01,57.82,136.19,61.5,38.26,24.31,105.8,72.06,61.16,34.7,108.46,59.69
2020-07-22,326.86,57.88,137.36,61.99,37.79,24.31,106.75,72.64,61.87,35.12,109.33,60.61
2020-07-23,322.96,56.94,135.3,62.21,37.72,24.33,106.27,72.42,61.68,34.94,106.49,60.68
2020-07-24,320.88,56.85,135.54,62.13,37.51,24.27,105.1,71.84,61.47,34.8,105.2,60.28
2020-07-27,323.22,57.24,136.38,62.44,37.55,24.07,105.89,72.14,62.36,35.21,106.86,59.55
2020-07-28,321.17,56.65,135.03,62.67,36.91,24.01,105.77,71.64,60.99,35.92,105.61,60.45
2020-07-29,325.12,57.17,136.4,62.76,37.68,24.46,106.88,72.73,61.49,36.6,107.14,60.73
2020-07-30,323.96,57.33,136.29,62.76,36.2,24.02,106.14,72.0,60.3,36.3,107.74,60.73
2020-07-31,326.52,58.13,137.0,62.7,36.03,24.03,105.53,71.73,60.36,36.26,110.43,60.83
2020-08-03,328.79,58.18,136.71,62.53,36.16,24.1,106.62,72.03,60.02,35.68,113.15,60.17
2020-08-04,330.06,58.55,137.81,63.31,37.04,24.0,106.15,72.21,60.87,36.21,113.44,60.83
2020-08-05,332.11,58.46,139.49,63.18,37.43,24.33,106.64,73.59,61.76,35.94,113.86,60.05
2020-08-06,334.33,60.0,140.17,63.17,37.13,24.32,106.07,73.87,61.5,36.01,115.46,60.4
2020-08-07,334.57,59.93,140.38,63.51,37.18,24.84,106.41,75.13,61.71,36.5,113.74,61.49
2020-08-10,335.57,59.73,142.06,63.84,38.33,25.02,106.05,76.98,62.31,36.44,113.42,61.47
2020-08-11,332.8,58.84,141.78,63.4,38.2,25.31,105.38,77.39,62.2,35.74,111.38,60.14
2020-08-12,337.44,59.54,143.66,64.22,38.58,25.24,107.15,77.64,62.57,36.19,113.91,61.01
2020-08-13,336.83,59.84,143.6,64.17,37.83,25.08,107.01,77.23,62.56,35.77,113.96,60.91
2020-08-14,336.84,59.83,143.59,64.16,38.19,25.18,106.8,77.53,62.63,35.86,113.88,60.38
2020-08-17,337.91,59.9,145.44,64.52,37.97,24.76,107.43,77.17,62.91,36.18,114.64,60.3
2020-08-18,338.64,60.44,146.34,64.78,37.49,24.6,107.4,76.75,62.65,36.14,115.07,60.03
2020-08-19,337.23,60.27,145.65,64.27,37.06,24.59,107.05,76.55,62.47,35.4,114.93,59.85
2020-08-20,338.28,61.02,145.43,64.14,36.26,24.36,106.71,76.14,62.25,35.78,116.46,59.32
2020-08-21,339.48,60.75,146.18,64.3,36.03,24.31,106.82,76.45,61.89,35.9,117.94,59.42
2020-08-24,342.92,61.49,148.4,64.85,37.02,24.89,106.33,77.83,62.98,35.95,118.96,59.94
2020-08-25,344.12,62.07,148.89,64.71,36.5,24.96,107.05,77.73,62.73,36.06,119.56,59.37
2020-08-26,347.57,64.19,150.36,64.79,35.73,24.84,106.92,77.77,63.39,35.81,121.99,58.71
2020-08-27,348.33,63.41,149.55,65.19,35.8,25.26,107.76,78.05,63.22,36.29,122.09,58.9
2020-08-28,350.58,63.56,150.53,65.77,36.44,25.36,108.0,78.79,63.97,36.57,123.16,59.07
2020-08-31,349.31,63.26,150.09,65.58,35.65,25.06,108.26,77.81,62.99,36.25,123.55,59.25
2020-09-01,352.6,63.78,151.66,65.65,35.41,25.13,107.29,78.6,64.76,36.19,125.91,58.57
2020-09-02,357.7,65.14,153.76,66.84,35.24,25.49,109.44,79.9,66.23,37.0,127.03,60.39
2020-09-03,345.39,62.93,148.88,65.69,34.98,25.1,106.46,77.66,64.4,36.38,119.79,59.71
2020-09-04,342.57,61.78,147.16,65.54,34.87,25.29,105.7,77.84,64.44,36.25,118.12,59.37
2020-09-08,333.21,60.15,145.23,64.16,33.6,24.64,103.96,76.38,63.23,35.79,112.78,59.04
2020-09-09,339.79,60.87,147.97,65.09,33.83,24.89,105.8,77.56,64.86,36.18,116.46,59.82
2020-09-10,333.89,59.97,145.85,64.29,32.59,24.54,104.18,76.57,64.25,35.67,113.83,58.79
2020-09-11,334.06,59.78,146.07,64.65,32.62,24.71,104.59,77.61,65.07,35.55,112.96,58.93
2020-09-14,338.46,60.01,147.62,65.07,32.87,25.05,106.09,78.66,66.01,36.42,115.33,59.74
2020-09-15,340.17,61.08,148.83,64.98,32.63,24.71,106.23,78.71,66.33,36.9,116.47,60.14
2020-09-16,338.82,60.42,148.0,64.69,33.94,24.99,106.05,79.51,66.38,37.14,114.67,60.06
2020-09-17,335.84,59.31,145.92,64.28,33.99,24.73,105.7,79.67,66.87,36.32,113.72,59.57
2020-09-18,330.65,58.74,143.89,63.69,33.61,24.68,105.54,78.78,65.72,35.6,111.76,58.52
2020-09-21,326.97,57.93,141.51,62.83,31.97,23.93,103.18,75.87,63.21,34.44,112.44,57.66
2020-09-22,330.3,59.05,144.5,63.2,31.64,23.73,102.96,76.62,63.33,34.85,114.22,58.02
2020-09-23,322.64,57.64,142.13,62.25,30.21,23.2,101.9,75.25,61.47,33.85,110.66,57.13
2020-09-24,323.5,57.75,142.07,62.71,30.2,23.25,101.39,75.36,61.91,34.01,111.28,57.77
2020-09-25,328.73,58.52,143.92,63.04,30.18,23.49,103.02,76.49,62.46,34.67,113.94,58.72
2020-09-28,334.19,59.3,146.93,63.75,30.89,24.05,103.95,77.87,63.47,35.27,116.12,58.87
2020-09-29,332.37,59.36,145.79,63.33,30.04,23.75,103.82,77.18,63.0,35.09,115.73,58.85
2020-09-30,334.89,59.4,146.98,64.1,29.95,24.07,105.48,76.98,63.64,35.27,116.7,59.38
2020-10-01,337.04,60.25,148.9,64.46,29.03,24.11,105.12,76.75,62.74,35.85,117.93,59.98
2020-10-02,333.84,59.06,148.27,64.1,29.31,24.3,104.16,77.61,63.3,36.43,114.94,60.69
2020-10-05,339.76,60.03,150.23,64.53,30.19,24.7,106.3,78.86,64.51,36.63,117.46,61.45
2020-10-06,334.93,58.77,147.45,64.11,29.74,24.45,104.89,77.9,63.7,36.32,115.64,61.97
2020-10-07,340.76,59.2,150.82,64.8,30.16,24.86,106.87,79.62,65.34,36.42,117.76,62.35
2020-10-08,343.78,59.97,151.81,65.23,31.29,25.2,107.39,80.41,66.0,37.03,118.37,63.49
2020-10-09,346.85,60.33,153.39,65.74,30.79,25.23,108.36,80.71,66.51,36.93,120.18,63.48
2020-10-12,352.43,61.92,155.43,66.5,30.87,25.51,109.1,81.17,66.4,37.12,123.46,63.88
2020-10-13,350.13,61.98,155.4,66.45,30.39,25.02,108.27,80.27,65.81,36.49,122.67,63.44
2020-10-14,347.93,61.24,153.68,66.11,30.52,24.78,107.64,80.72,66.0,36.07,122.02,63.36
2020-10-15,347.5,60.77,154.25,66.15,30.89,24.97,106.86,81.01,65.81,36.24,121.47,63.32
2020-10-16,347.29,60.78,152.85,66.17,30.19,24.99,107.92,81.6,66.27,36.11,121.12,64.0
2020-10-19,342.01,59.69,150.97,65.31,29.55,24.61,106.21,80.59,65.5,35.54,118.9,63.46
2020-10-20,343.38,60.12,152.18,65.24,29.9,24.81,106.35,81.01,65.65,35.78,119.31,63.84
2020-10-21,342.73,61.13,151.35,65.3,29.33,24.68,105.82,80.19,65.4,35.65,119.13,63.67
2020-10-22,344.61,61.53,151.66,65.27,30.54,25.17,107.42,80.85,65.76,35.4,118.57,64.57
2020-10-23,345.78,62.11,152.99,65.39,30.39,25.25,107.82,81.17,66.0,35.63,118.44,64.75
2020-10-26,339.39,60.75,150.05,64.55,29.3,24.68,106.62,79.14,64.35,35.2,115.87,64.73
2020-10-27,338.22,61.14,149.98,64.38,28.92,24.23,105.89,77.41,63.74,34.75,116.45,64.68
2020-10-28,326.66,58.74,145.24,62.5,27.71,23.61,102.53,74.87,61.94,33.98,111.51,62.8
2020-10-29,329.98,60.22,146.16,62.48,28.56,23.79,101.69,75.96,63.22,34.37,113.37,62.97
2020-10-30,326.54,59.2,142.97,62.26,28.72,23.86,101.66,75.87,63.18,34.15,110.86,62.38
2020-11-02,330.2,59.17,143.99,63.25,29.7,24.31,103.49,77.92,65.28,34.99,111.14,63.75
2020-11-03,336.03,60.05,147.16,64.29,29.53,24.85,105.0,80.22,66.3,35.54,113.1,64.67
2020-11-04,343.54,62.64,150.29,64.32,29.57,24.56,109.66,79.39,65.17,35.64,117.5,63.7
2020-11-05,350.24,63.85,153.22,64.79,29.57,25.16,109.88,81.26,67.83,35.77,121.15,64.27
2020-11-06,350.16,63.7,152.76,65.09,28.93,24.96,109.92,81.34,68.0,35.63,121.58,64.13
2020-11-09,354.56,63.16,152.26,64.94,33.06,27.01,110.95,84.11,69.53,36.57,120.7,65.32
2020-11-10,354.04,62.96,151.72,66.22,34.13,27.15,111.27,85.59,70.35,36.77,118.45,66.26
2020-11-11,356.67,63.53,153.05,66.79,33.78,27.04,111.13,84.87,69.3,37.05,121.26,66.51
2020-11-12,353.21,63.17,151.0,66.61,32.69,26.59,110.72,83.9,67.84,36.67,120.18,65.44
2020-11-13,358.1,64.11,153.45,67.53,33.88,27.03,112.12,85.76,69.01,37.51,121.2,66.09
2020-11-16,362.57,64.52,155.46,68.15,36.11,27.63,111.93,87.85,70.37,37.75,122.37,66.76
2020-11-17,360.62,64.29,154.8,67.67,36.48,27.59,111.2,87.62,70.11,37.77,121.69,65.45
2020-11-18,356.28,63.64,153.74,66.74,35.42,27.33,109.13,87.23,69.53,37.13,120.39,64.17
2020-11-19,357.78,64.03,154.5,66.92,36.0,27.42,109.05,87.45,69.82,37.19,121.36,63.53
2020-11-20,355.33,63.88,153.69,66.5,35.81,27.18,108.8,86.66,69.76,36.94,120.11,63.54
2020-11-23,357.46,63.91,155.38,66.52,38.34,27.69,108.52,88.11,70.34,36.82,120.08,63.55
2020-11-24,363.22,65.22,157.69,66.97,40.31,28.66,108.84,89.65,72.09,36.8,121.75,64.23
2020-11-25,362.66,65.21,157.88,66.93,39.37,28.56,108.44,88.97,71.34,36.89,122.01,64.4
2020-11-27,363.67,65.63,158.22,66.92,38.91,28.47,109.44,88.82,71.71,36.82,122.66,63.76
2020-11-30,362.06,65.4,157.26,66.91,36.76,27.88,109.74,88.03,70.99,36.5,123.48,62.84
2020-12-01,366.02,66.6,158.43,67.5,36.93,28.31,110.66,87.81,71.77,36.96,125.06,63.28
2020-12-02,366.79,67.22,157.44,66.94,38.13,28.62,111.49,87.93,70.85,36.57,124.87,63.7
2020-12-03,366.69,66.92,157.88,67.11,38.53,28.63,111.35,88.16,70.36,36.84,124.79,63.04
2020-12-04,369.85,66.98,158.03,67.63,40.63,28.98,112.54,89.21,71.78,37.33,126.04,62.41
2020-12-07,369.09,67.4,157.67,67.37,39.68,28.78,111.85,88.78,71.31,36.96,126.4,62.76
2020-12-08,370.17,67.3,157.34,67.74,40.27,28.77,112.7,89.21,71.71,36.79,126.81,62.57
2020-12-09,366.85,66.5,157.19,67.47,40.36,28.7,112.31,89.41,71.75,36.45,124.38,62.46
2020-12-10,366.73,66.54,157.05,67.17,41.6,28.75,112.12,88.56,71.31,36.25,124.56,62.14
2020-12-11,366.3,66.94,156.3,67.32,41.12,28.46,111.68,88.77,70.9,36.27,124.3,62.24
2020-12-14,364.66,66.73,156.53,67.06,39.68,28.13,110.84,87.62,70.0,36.01,124.75,61.92
2020-12-15,369.59,67.28,158.64,67.22,40.46,28.61,112.04,88.84,71.27,36.64,126.83,63.14
2020-12-16,370.17,67.22,159.68,67.35,40.26,28.66,111.71,88.29,71.07,36.65,127.69,62.41
2020-12-17,372.24,67.05,160.77,67.78,40.07,28.74,112.91,88.83,71.89,37.08,128.7,62.83
2020-12-18,369.18,67.11,159.99,67.93,39.4,28.49,113.0,88.84,72.21,36.44,128.25,62.29
2020-12-21,367.86,66.43,157.89,66.64,38.13,28.72,111.41,87.94,71.47,35.65,128.08,61.02
2020-12-22,367.24,65.81,157.21,66.17,37.49,28.44,111.07,87.53,71.03,35.9,129.19,60.9
2020-12-23,367.57,66.19,157.55,66.39,38.32,28.91,111.15,87.99,71.13,35.56,128.21,60.78
2020-12-24,369.0,66.26,157.88,66.72,38.12,28.95,111.47,88.0,71.58,35.91,129.06,61.21
2020-12-28,372.17,67.45,159.68,67.25,37.88,29.09,111.75,88.11,71.3,36.2,130.52,61.48
2020-12-29,371.46,67.39,159.73,67.05,37.63,28.99,112.28,87.58,71.13,35.92,129.9,61.47
2020-12-30,371.99,66.94,160.69,66.98,38.22,29.12,112.26,88.14,72.11,36.12,129.83,61.78
2020-12-31,373.88,67.48,160.78,67.45,37.9,29.48,113.44,88.55,72.39,36.56,130.02,62.7
2021-01-04,368.79,66.48,159.42,66.72,37.96,29.08,112.95,86.41,71.7,35.38,127.9,61.12
2021-01-05,371.33,66.72,160.61,66.72,39.66,29.21,113.77,87.26,73.31,35.34,128.73,61.11
2021-01-06,373.55,66.4,162.25,66.77,40.87,30.5,115.33,89.34,76.31,35.17,126.51,62.63
2021-01-07,379.1,67.28,165.38,66.57,41.47,30.94,116.83,89.83,76.88,35.28,129.92,61.81
2021-01-08,381.26,67.49,168.79,66.9,41.42,30.92,117.39,89.61,76.51,35.66,130.76,62.33
2021-01-11,378.69,66.29,165.64,66.33,42.07,31.02,117.94,89.58,76.51,35.06,129.68,61.75
2021-01-12,378.77,65.22,168.17,66.11,43.54,31.34,116.66,90.47,77.48,35.09,129.06,61.42
2021-01-13,379.79,65.45,168.16,66.21,43.2,31.32,116.98,89.69,76.69,35.57,129.88,62.62
2021-01-14,378.46,65.08,167.09,65.86,44.48,31.46,116.61,90.0,76.43,35.79,128.74,62.38
2021-01-15,375.7,65.29,165.8,65.63,42.75,30.94,116.97,88.83,75.34,36.34,127.42,62.99
2021-01-19,378.65,66.47,166.74,65.34,43.61,31.02,117.85,89.12,75.6,36.1,129.08,62.75
2021-01-20,383.89,68.56,169.89,65.46,43.77,30.89,118.5,89.67,75.85,36.85,131.64,63.12
2021-01-21,384.24,68.81,170.68,65.24,42.29,30.56,117.94,88.97,74.74,36.73,133.34,62.75
2021-01-22,382.88,68.84,170.1,65.07,42.07,30.34,117.59,88.51,74.38,36.82,132.83,62.84
2021-01-25,384.39,69.24,170.73,65.72,41.64,30.12,118.36,87.91,73.99,37.15,133.94,64.1
2021-01-26,383.79,70.18,170.62,66.31,40.75,29.88,117.92,87.1,72.97,37.53,134.03,63.46
2021-01-27,374.41,67.91,165.36,65.19,40.2,29.0,114.34,85.37,70.82,37.05,131.5,61.75
2021-01-28,377.63,68.15,165.88,65.44,40.67,29.54,116.01,86.64,72.04,37.15,132.04,62.49
2021-01-29,370.07,66.88,162.01,64.09,39.32,28.95,115.03,84.77,70.64,36.76,128.93,62.15
2021-02-01,376.23,68.13,166.22,64.15,39.6,29.33,115.47,85.65,71.47,37.59,132.16,62.45
2021-02-02,381.55,69.17,169.75,64.58,40.03,30.04,115.8,87.47,72.41,37.75,133.95,62.96
2021-02-03,381.85,70.1,168.8,64.68,41.74,30.21,114.98,87.53,72.55,37.6,133.49,62.76
2021-02-04,386.19,70.52,170.6,65.15,42.2,30.88,115.46,88.47,72.29,37.81,135.62,63.25
2021-02-05,387.71,71.41,172.23,65.76,42.56,30.89,115.67,88.99,73.53,37.94,135.32,63.59
2021-02-08,390.51,71.69,173.21,66.01,44.34,31.29,115.81,89.75,74.14,38.02,136.74,63.1
2021-02-09,390.25,71.93,172.25,65.95,43.87,31.3,115.98,89.98,73.59,38.19,136.58,63.19
2021-02-10,390.08,72.61,170.55,65.88,44.71,31.3,116.19,89.84,73.51,38.45,136.38,63.44
2021-02-11,390.71,72.69,170.08,65.59,44.02,31.2,116.41,89.65,73.58,38.38,137.88,63.08
2021-02-12,392.64,73.0,170.32,65.69,44.67,31.52,117.28,90.3,74.34,38.37,138.59,62.62
2021-02-16,392.3,73.35,169.58,65.57,45.79,32.06,116.12,90.21,74.2,37.96,138.14,61.92
2021-02-17,392.39,73.56,170.56,65.81,46.47,32.22,116.54,89.96,74.16,37.99,136.92,61.97
2021-02-18,390.72,73.2,170.61,65.77,45.42,32.03,115.81,89.51,73.7,37.97,136.25,62.34
2021-02-19,390.03,72.48,169.62,64.94,46.18,32.41,114.41,90.98,75.05,38.09,136.05,61.41
