"K-Means Cluster 0, x","K-Means Cluster 0, y","K-Means Cluster 1, x","K-Means Cluster 1, y","K-Means Cluster 2, x","K-Means Cluster 2, y","K-Means Cluster 3, x","K-Means Cluster 3, y"
"-0.33824728621775574","-0.3109757464291336","0.6635423292198264","1.3340479195433503","8.95228949765438","-8.088988838166985","-1.7131459691936404","-0.024824212714985087"
"0.19957999621487602","0.43395184612212656","1.4490182136419776","1.0971439059985868","7.219747206504075","-5.580841172445107","-1.668514839616087","-0.025988943045707046"
"1.5833037009158537","-1.165249336264858","0.6474488507345941","1.0957896735211639","2.3260663667789148","-2.713482282100671","-2.894197177297017","-0.7185668722669155"
"-0.30653646819701214","-0.33768017852428367","0.7719972802161534","1.644153192107563","8.814958123638656","-6.610735813884701","-2.4017844792120213","0.20456409569203804"
"-0.2623589697860419","-0.3837375799137141","5.921716433923966","11.741289817034348","3.38458427455797","-1.7214226128337813","-2.8948540054499343","-0.720052933730776"
"-0.24271097269005573","-0.34559697725527533","0.7738919148352918","1.3037385274951325","3.7948201511277104","-2.7168451146197903","-1.713409850069015","-0.025281152925866066"
"-0.26369853242357083","-0.14687404981921734","2.037833943795649","1.0598314445168022","2.3246596541534394","-2.6842748201480044","-1.7135814853135136","-0.02568510153844684"
"-0.3215509797520683","-0.3421201179898286","0.42060627250629823","0.864427528072421","7.727952201508441","-2.8268331412812784","-1.711942145311918","-0.06711341872197588"
"-0.0007779295702995659","-0.18022191664973208","1.052474221407569","0.4846388116947027","3.8700780096414773","-2.9649338506181184","-1.6965086926939517","-0.08126838490356904"
"-0.2505238370758606","-0.2644504952514859","0.3718016169664055","1.0023196209319116","3.609378023194424","-1.778473760690195","-2.8722071672155782","-0.6752867149078815"
"0.10662512275223793","0.5183695865245739","0.6406779321445654","1.255836142603083","3.9086406371031464","-2.0361817189886846","-2.87888508105406","-0.6884870102020993"
"-0.35295986433137017","-0.474139496334789","0.8201456019656339","1.7453087256485185","4.341726410005746","-4.685837129199645","-1.7218562915914992","-0.04204198918536827"
"-0.19849681380969986","-0.16881092692702884","1.4767519541279517","1.1868170796188442","2.4902790310260654","-2.1632586953155926","-1.5386825156296111","-1.0432226868566414"
"-0.2530815008362758","-0.2767089928082059","0.9575246548975193","1.8822147774583302","2.723008057170752","-2.391196071473594","-1.518440288765865","-1.0925971913041193"
"-0.3135047261154035","-0.35145439970081155","0.7588235354861907","1.2713794443946327","3.5482746671228664","-2.890623629929567","-2.856642102285298","-0.6892128568375997"
"-0.4045909084813166","-0.44211781054511456","0.6432532833011236","1.3223377727069168","","","-1.727372829110064","-0.05294658094980024"
"-0.3896381883651264","-0.412560627604522","1.6758738785844767","1.8902985370976781","","","-2.8932571130104296","-0.7168963413780721"
"0.07631582305418051","0.4137631551837873","1.103642682574338","0.5731630603911271","","","-1.7137266573534684","-0.025972064479601726"
"1.2972070534950526","-1.082254655754132","1.4401795996041287","3.0008638900386764","","","-1.6912249911590675","0.01850719140213787"
"0.3511928245511434","0.7856975807188876","0.38778124398845437","0.9212040060445734","","","-2.8948540054499343","-0.720052933730776"
"0.16148160843596213","0.4480299088053181","4.68420350832116","0.4955479771041334","","","-1.2898202413893884","0.6739585124269942"
"0.1963228980273089","0.5169010146867529","0.6258817709236024","2.6594984715788974","","","-2.88309507021303","-0.6968089354961375"
"-0.29617229630501046","-0.28805533860453686","1.4614326525358656","2.768907664709137","","","-1.5895914519529493","-0.004061595894984157"
"-0.05254660771745584","0.07508534310518603","0.4468081006441793","1.1461510738915774","","","-1.5238433108987457","-1.058583643492466"
"-1.0878432599715404","0.9824043866340247","2.4112120148789047","3.1397357324767583","","","-1.7140170014333784","-0.02654599036191135"
"0.01258529751008285","0.2877864240091425","0.4098560704200864","2.207524172204578","","","-1.727372829110064","-0.05294658094980024"
"-0.24011642139362016","-0.5192433137962758","0.651074686617988","1.3722846862923674","","","-1.7128556251137392","-0.024250286832672427"
"-0.3853965425515258","-0.448869878945746","2.283896750330161","1.274589435454428","","","-1.559732461424186","-1.0848323133262856"
"0.18430278370065606","0.3714211893547341","0.7648818850451385","1.5907387735168932","","","-1.4903904283986282","-1.081844520292878"
"0.10115335311941386","0.23939097200725348","1.1525105926030028","3.975863111082077","","","-1.5550869561453509","-1.0756494992087826"
"0.037586545037988736","0.2925128732555846","0.5055257515305479","1.1288895644162125","","","-2.8923860807707","-0.7151745637311431"
"-0.1503856831830235","-0.15899076251412889","0.6773866248801577","0.8214500116948551","","","-1.532440117910995","-1.0308832803858885"
"-0.28188887805728097","-0.24426530188974424","3.0534501437415127","0.9270208680164371","","","-1.5414407843887552","-1.048674982738584"
"-0.037172530273133275","0.1261314565283096","0.6358678524650635","0.9584977093502652","","","-2.468708789635405","0.07227417981143905"
"-0.3825247584067805","-0.39849944348683963","0.5304923538118395","1.0380312702528638","","","-2.8873050593719998","-0.7051308607901757"
"-0.21991739528043822","-0.2076913054808523","0.6050158123904216","1.3194237519215004","","","-1.6981615924231883","-0.03989820640932009"
"0.0028587708325476715","0.26855990695067217","0.37424050571427464","0.957979933834748","","","-1.309148762184709","0.6343352175576107"
"1.5518270059470305","-1.1400688187008936","0.9187203475346172","1.5880405160990687","","","-1.6894829266796079","0.021950746695996323"
"-0.006040973112951678","-0.10117324359056767","0.5634575529045973","0.8403757773124569","","","-1.5613293538639672","-1.087988905679536"
"0.22635496487675502","0.39749067402734956","0.49668581392322686","1.1499805744419904","","","-1.487680679898209","0.19738638880831402"
"-0.34590974768128857","-0.3708159589466989","0.7192289874033276","1.5076951575010618","","","-1.711826189231782","-0.022183053408875344"
"-0.3925416291642256","-0.41829988642761956","1.6885460195155577","1.7867427307675905","","","-1.5732334611408267","-1.1115198668553292"
"0.012004609350263026","0.2866385722445229","1.1075296273056336","0.5466242018041239","","","-2.8684010375224793","-0.712456855072785"
"-0.21501476971109607","-0.24615587885624302","0.9105045433611398","1.7079611475286918","","","-1.7206949152718594","-0.03974628565612926"
"-0.3487815318263937","-0.42118639440527356","0.8662752822492255","1.7017765531867384","","","-1.7071622589009485","-0.05768990876201599"
"0.14033669267838178","0.540313812241125","0.5462138571735529","0.985097349630639","","","-1.5732334611408267","-1.1115198668553292"
"-0.28998685564104104","-0.30496640323044116","0.6302870438716042","1.250369889413828","","","-1.701790893422339","-0.04707227993873875"
"2.051078963671818","-1.450908412036332","0.4357210694501204","0.8562648662948144","","","-2.889047123851459","-0.7085744160840342"
"-0.3244242857668488","-0.3283454436535905","0.3930329773889163","0.9450890344446147","","","-1.5574097087849066","-1.0802409062678073"
"-0.31779657400542777","-0.4493256412061969","0.6176223411679154","0.9137359630269523","","","-1.6484494414469266","-0.031019233799077516"
"-0.19349765114231104","-0.24831654019781282","0.3527570090102801","0.9548626530105329","","","-1.608558787111095","0.09252675165836444"
"-0.022868336895492797","0.26239864299878757","0.744589456104296","1.5059327851175788","","","-1.4652942109076477","-1.2110116009522716"
"-0.2880177603902961","-0.2116865687835338","2.6578157744688524","0.5954433021599511","","","-2.8880309195717744","-0.7065656754959501"
"0.348009134366531","0.6379656187300073","0.35464424552997115","0.9585931712460929","","","-2.8935474570903392","-0.7174702672603821"
"-0.3296504792055037","-0.33867610953571264","0.9176924068581891","1.356475742125209","","","-1.4833719684031776","-0.9338898062695259"
"-0.22122551077533942","-0.30312646196161996","2.9147721471139696","6.134403568588385","","","-1.3347306978727949","0.6284609165468805"
"-0.23133735149569873","-0.18903337499687287","0.6991617536164245","1.1533173039444773","","","-1.6188698770856738","0.028187565906541624"
"-0.36274970431716974","-0.40410366012285165","1.2746356280115514","2.3593229900021675","","","-1.5422801599741311","-1.0950279370213223"
"-0.3276497273004882","-0.2900274517237356","2.0124629479031757","3.112930823748129","","","-1.331391740953831","0.6350610641934429"
"-0.18892291147787152","-0.19198641920231835","0.3786462502084739","0.8826939868796758","","","-1.4945502154805388","-0.9559859527400916"
"-0.04908847874508543","0.17168911334234557","0.6313239764480544","1.292757265428699","","","-1.6962426992491428","-0.08079886480956879"
"-0.003243648295923528","0.30125562572830883","2.220892836776097","-0.26504823378431086","","","-2.891224704450784","-0.7128788602013573"
"1.769840160116141","-1.306464756095041","0.5709636963075485","1.1627251074753522","","","-1.7140170014333784","-0.02654599036191135"
"-0.3667010060508606","-0.36722048289931797","1.1260921664255499","0.764158151567014","","","-2.871190962935893","-0.6732779743197973"
"0.7822298682645952","-0.9631843806522974","0.3844200067861146","0.8456051440553375","","","-1.498469860559599","-0.9637339521518201"
"0.02057779786034702","0.3483760409161682","1.7669161435564507","0.6722288003176461","","","-1.186720212236213","-0.3975336362527693"
"1.2592380082813595","-0.8976482106724267","1.0433099501169092","0.5729844477716652","","","-1.0580661281738026","-0.18791564700961194"
"-0.3447800280162792","-0.3238890787821978","1.2617849300917294","2.4459959984191544","","","-2.8552220385397415","-0.6417120507905739"
"-0.22798060104156032","-0.2669991106726395","0.49422903526436446","0.8823061238554666","","","-2.8649485652175537","-0.6609385678495909"
"-0.3771533929281705","-0.38788181466356253","0.6956348219824761","1.4538574505778161","","","-1.1221186544523853","-0.2698351274311951"
"-0.3309886842197288","-0.2966275993708445","0.4729594581004511","1.1924679683015322","","","-2.870755446816028","-0.6724170854963327"
"0.2151136821285909","-0.6026482309623942","1.8509207550070954","3.349918645017203","","","-1.6532108108584314","0.049182792263020865"
"0.10220308393094131","0.23731891720413548","0.6562631928262961","1.680414518036645","","","-1.5727831519716993","0.07385728191643043"
"-0.37962131760740475","-0.3927601846631954","0.47266183498937375","0.9737876313036741","","","-1.1410580853294627","0.7878266339534651"
"0.061104415512351004","0.3390008697259549","5.500527897951032","4.241299950486928","","","-2.8781592208542848","-0.6870521954963249"
"-0.24840433890281022","-0.3121573553259651","0.8598982489452814","0.8847329279633879","","","-2.4103179729156463","0.1430021055278766"
"0.16624062910026022","0.502130862499511","0.5680788009313859","1.3357975181341952","","","-1.6519335704061222","-0.03790634438734134"
"-0.25290467214169043","-0.321053206502313","0.6867701913907519","1.2676457559006848","","","-2.8130904902960454","-0.6031239744856696"
"-0.3598462635177941","-0.3983644012992073","0.49651964311648367","0.9821138935690944","","","-2.880481973493564","-0.691643602554803"
"-0.02545174217279963","0.17324889895052356","1.109453525632319","1.9983498680050757","","","-1.554651440025486","-1.074788610385318"
"-0.2981152454517436","-0.3093473629671309","1.0908410471761938","2.0564527424235655","","","",""
"-0.30697198431687717","-0.3385410673477486","1.0366488272454226","1.478890922550315","","","",""
"1.9190328697737689","-0.3779532298842579","0.9185113085301566","1.9015650432551015","","","",""
"-0.1926575458500122","-0.5921145109519892","0.6723517796903349","1.0950097104966694","","","",""
"-0.2752538590522937","-0.23095462487887838","0.8791280062126479","1.8585493445077437","","","",""
"-0.372185886914795","-0.42275625129901195","0.638695725662184","1.3859991542738057","","","",""
"0.2094519725699881","-0.6138397856681452","0.3745328150049064","0.9979070941864983","","","",""
"-0.19654626398155867","-0.25434276196244787","2.600081603970427","0.3914700886224032","","","",""
"-0.3297956512454588","-0.3389630724768676","0.7127037746023114","1.616334665380005","","","",""
"-0.2282887386564787","-0.1830071532322924","0.5772172400465173","0.9122684333590724","","","",""
"-0.314842931128992","-0.30940588953572834","0.8927487608120953","1.9275375357985503","","","",""
"-0.3873154357255705","-0.40796922054549717","","","","","",""
"-0.22143399612402104","-0.21415107163234226","","","","","",""
"0.28126996383159963","0.6017524846726207","","","","","",""
"0.23072867149887372","0.5849112317448872","","","","","",""
"-0.2984384906132522","-0.27697907718358716","","","","","",""
"-0.011323975774462787","-0.5125664524608257","","","","","",""
"-0.1991637946123759","-0.3096941008270315","","","","","",""
"-0.38934784428521657","-0.41198670172221225","","","","","",""
"-0.361329640571974","-0.35660285407549397","","","","","",""
"0.027102501506408208","0.3164827181262703","","","","","",""
"1.612035977531373","-0.9306610771944824","","","","","",""
"-0.2565656297951947","-0.28359610339592284","","","","","",""
"-0.351167597774574","-0.3365154481935592","","","","","",""
"1.0071128364952229","-0.18868960196775786","","","","","",""
"0.04982761973212606","-2.541940368733814","","","","","",""
"0.09244324519845042","0.46103753232772304","","","","","",""
"0.12986576037805278","0.34084081099477614","","","","","",""
"-0.014144791157779847","0.06260258349911814","","","","","",""
"0.15146067098358887","0.4740470029264351","","","","","",""
"-0.3537490378394093","-0.3863119577701557","","","","","",""
"0.017974374740565853","-0.03329350611853976","","","","","",""
"0.1423929217770954","0.4559779523441268","","","","","",""
"-0.21537374092021414","-0.3362206281141952","","","","","",""
"0.15074980290715673","0.561142218167106","","","","","",""
"-0.3973323064830157","-0.42776966348627715","","","","","",""
"-0.3175378865801483","-0.40412053868862524","","","","","",""
"0.015198394229548697","0.29295175695047704","","","","","",""
"-0.3865895755257957","-0.4065344058397229","","","","","",""
"-0.2322902424667038","-0.28030446885558685","","","","","",""
"-0.3384875800640655","-0.42147131595613224","","","","","",""
"-0.337552549147958","-0.38456373645725656","","","","","",""
"-0.26635546978127095","-0.2135602671845323","","","","","",""
"-0.3329894361244678","-0.34527625718227484","","","","","",""
"-0.39108990876467603","-0.4154302570160707","","","","","",""
"-0.22277986370547193","-0.21655275835832527","","","","","",""
"0.05297478127432028","0.32293094502018826","","","","","",""
"-0.07675771169902186","0.2952167840923585","","","","","",""
"-0.2837630033456956","-0.4714386662426028","","","","","",""
"-0.20320563239699307","-0.08873138777450677","","","","","",""
"-0.08192788362514944","0.05283493155450499","","","","","",""
"0.18087721491952843","0.5757704491301228","","","","","",""
"-0.3844119949261949","-0.4022299617218529","","","","","",""
"-0.30079289990716196","-0.23693930760680307","","","","","",""
"0.2140620688197804","0.44567879555253775","","","","","",""
"-0.3054132843440154","-0.3341341204953157","","","","","",""
"-0.339231833843084","-0.357615663653028","","","","","",""
"-0.3462000917611985","-0.37138988482900875","","","","","",""
"0.20548300323625238","0.21156750084801848","","","","","",""
"-0.04272198776214401","0.10292464657383064","","","","","",""
"0.032650695679243655","0.28275613325577204","","","","","",""
"-0.2706473176716551","-0.31143150868958613","","","","","",""
"-0.3749124990199452","-0.47283972381643186","","","","","",""
"0.12904493021536378","0.4732995261945288","","","","","",""
"-0.3309253709108278","-0.38588995264103687","","","","","",""
"-0.07649688388099449","0.07281102357940951","","","","","",""
"-0.32976399459118816","-0.3835942491117979","","","","","",""
"-0.22353515218329523","-0.5311607151382417","","","","","",""
"0.8810383283919242","0.012668593112274022","","","","","",""
"-0.2938633494788043","-0.35259015807748384","","","","","",""
"-0.39326748936400036","-0.41973470113339395","","","","","",""
"-0.31295569460957756","-0.30567537130071504","","","","","",""
"0.027612476954266767","-0.03471482690968844","","","","","",""
"-0.03438909534197157","0.06619484332712204","","","","","",""
"1.776316492072521","-0.2846482824646546","","","","","",""
"-0.24191104653939957","-0.20240229329650425","","","","","",""
"-0.37381443600892994","-0.3812816670164535","","","","","",""
"0.003407802338013706","0.31433893535110075","","","","","",""
"0.11536710180460817","0.4909561863594792","","","","","",""
"-0.39036404856490126","-0.4139954423102964","","","","","",""
"-0.07000314484607605","-0.2274757495878341","","","","","",""
"0.4709681545180999","0.6399782908890889","","","","","",""
"-0.2663238131270003","-0.2581914438194625","","","","","",""
"-0.38034717780745614","-0.39419499936951646","","","","","",""
"-0.29358449998619757","-0.3567716533953369","","","","","",""
"0.17057419477521987","0.540477907980991","","","","","",""
"-0.3617651566918388","-0.3574637428989585","","","","","",""
"-0.10311690879226153","-0.16438622609847844","","","","","",""
"-0.2899235423324168","-0.39422875650118033","","","","","",""
"-0.3051326194678423","-0.3717312699212202","","","","","",""
"1.3976293454918343","-0.8045842198312212","","","","","",""
"0.1567540413567815","0.5727959696338224","","","","","",""
"-0.2878911337730474","-0.39021127532501204","","","","","",""
"-0.3370090763666585","-0.353117519148345","","","","","",""
"0.15472183586611143","0.3452802972999635","","","","","",""
"-0.37410478008883985","-0.38185559289876325","","","","","",""
"1.7121450118327868","-0.8165870050315827","","","","","",""
"-0.36365239321152987","-0.36119426113451875","","","","","",""
"1.4969531632165725","-1.0106625353699596","","","","","",""
"-0.40328436012172214","-0.4395351440747208","","","","","",""
"-0.34294865120455803","-0.4241656166884279","","","","","",""
"-0.33444115652429385","-0.34814588659437024","","","","","",""
"0.10355796449031163","0.33353169527736026","","","","","",""
"0.2876628073832461","0.3874871163356732","","","","","",""
"-0.1826097481450255","-0.22679431960988486","","","","","",""
"0.15231937808282878","0.2565709070378097","","","","","",""
"0.28536537002146184","0.8293585917048925","","","","","",""
"0.09939817740867801","0.4593902628306932","","","","","",""
"-0.2461634449948728","-0.39711526447856904","","","","","",""
"-0.3871702636856156","-0.4076822576043424","","","","","",""
"-0.3909447367247211","-0.4151432940749159","","","","","",""
"-0.23128514907255038","-0.23252971785331894","","","","","",""
"-0.28660392916719263","-0.23858749550923583","","","","","",""
"0.3927252830106771","0.6167257535992055","","","","","",""
"0.06839270895249842","0.26936460567734927","","","","","",""
"0.19198084805961566","0.2848492803343825","","","","","",""
"-0.26948594135201537","-0.309135805160347","","","","","",""
"-0.14599473741986854","-0.19911083506967622","","","","","",""
"-0.2858903818680318","-0.34156261751303496","","","","","",""
"-0.8283850004047857","1.4899386628656213","","","","","",""
"-0.31604554119211403","-0.3082270794109491","","","","","",""
"-0.017787315496792726","0.27244234593975514","","","","","",""
"0.10886601666029727","0.43341167737137637","","","","","",""
"0.34632892775578494","0.7895520888354849","","","","","",""
"-0.2735812077785672","-0.3786760711802289","","","","","",""
"0.05448784977037141","0.19718498668981088","","","","","",""
"-0.39036404856490126","-0.4139954423102964","","","","","",""
"-0.21740078462658696","-0.15946657042007933","","","","","",""
"0.1083682571868547","0.5218177293581399","","","","","",""
"-0.31140155649559426","-0.34277232591412926","","","","","",""
"2.2359629428475505","-1.1636562305021558","","","","","",""
"-0.23571340686462003","-0.24215095295857175","","","","","",""
"-0.3172791991542323","-0.3589154361708384","","","","","",""
"-0.09528492758686694","-0.36703479135320205","","","","","",""
"-0.18847994305219942","-0.14901048398613956","","","","","",""
"0.13877145689292655","0.49252604325305355","","","","","",""
"-0.145704393339931","-0.19853690918731187","","","","","",""
"-0.06817371645486539","-0.4253602936020172","","","","","",""
"1.8088472397877173","-1.4252633624892104","","","","","",""
"-0.34169975852231826","-0.36249403365266086","","","","","",""
"-0.3430459288855534","-0.4968634927435796","","","","","",""
"0.11397869471326776","0.3988242036774134","","","","","",""
"0.08813807159962621","0.3477448001485651","","","","","",""
"-0.17973796399985684","-0.1764238841512889","","","","","",""
"1.5869904765054803","-0.3096534726446263","","","","","",""
"-1.0950509007712381","0.9289369764493672","","","","","",""
"0.18752071342082668","0.49972431825432573","","","","","",""
"-0.2687284244976104","-0.35233216708983467","","","","","",""
"-0.38978336040508144","-0.4128475905456769","","","","","",""
"-0.007917581991137455","0.2526025914679279","","","","","",""
"-0.2980848332250779","-0.3656675045716849","","","","","",""
"-0.33008599532536864","-0.3395369983591772","","","","","",""
"0.12567431664201853","0.5113305551826781","","","","","",""
"-0.33211840388473807","-0.3435544795353456","","","","","",""
"-0.10825000702936745","-0.12450047036503456","","","","","",""
"-0.39297714528409045","-0.4191607752510841","","","","","",""
"0.06095924347239609","0.3387139067848","","","","","",""
"-0.3678307257158698","-0.414147363063819","","","","","",""
"-0.28998685564104104","-0.30496640323044116","","","","","",""
"0.23667832530267588","0.3735049792750842","","","","","",""
"0.2952173754238284","0.33468143178294774","","","","","",""
"0.9226410176288391","-0.4569481127268316","","","","","",""
"-0.12021742761456343","-0.05876907827035392","","","","","",""
"0.14565019351219932","0.3723007513268728","","","","","",""
"-0.4057522848009563","-0.44441351407435353","","","","","",""
"-0.37787925312794524","-0.3893166293693368","","","","","",""
"-0.19242048230077152","-0.20126717312445935","","","","","",""
"-0.35868488719815445","-0.39606869776996834","","","","","",""
"0.07718532189791966","0.07596721147909324","","","","","",""
"0.15554266602870911","0.21282158210013463","","","","","",""
"-0.13960716766143566","-0.1864844656580416","","","","","",""
"-0.34210361798818917","-0.40798609911160255","","","","","",""
"0.180317035072093","-0.8922632418036627","","","","","",""
"-0.9116360601094309","1.3754085738528443","","","","","",""
"0.11060808114003334","0.43685523266578186","","","","","",""
"-0.15036301342979966","-0.20438902156833577","","","","","",""
"0.034329446850355376","0.3754620418209165","","","","","",""
"-0.16155980235025705","-0.18518469313985822","","","","","",""
"0.043108152385813704","0.3489022040944845","","","","","",""
"-0.2491116536799617","-0.1347805005492702","","","","","",""
"0.22212085552579378","0.5415966562890713","","","","","",""
"0.09690974209408633","0.23634698887692576","","","","","",""
"1.6328709972979878","-0.5171723069897729","","","","","",""
"0.11339800655344792","0.39767635191279394","","","","","",""
"-0.3423939620680991","-0.40856002499391236","","","","","",""
"-0.2517432958220508","-0.318757502973074","","","","","",""
"-0.3207633281134278","-0.36580254675910223","","","","","",""
"-0.3447800280162792","-0.3238890787821978","","","","","",""
"-0.08324281511557675","-0.3412519814561192","","","","","",""
"-0.3870250916456606","-0.40739529466318747","","","","","",""
"0.011310405804758863","0.2405725809038183","","","","","",""
"0.3976710832658043","0.5126640984933588","","","","","",""
"-0.2673902194840577","-0.3943806772548847","","","","","",""
"0.5583384814488583","-0.9020378094214777","","","","","",""
"0.8094255986890508","-1.1120634531402267","","","","","",""
"0.2851048731766769","0.7817846879552661","","","","","",""
"-1.1146051174018994","0.7954227126113561","","","","","",""
"-0.08533846328418422","-0.21323550000417993","","","","","",""
"0.09467081339815235","0.3606581325016279","","","","","",""
"0.22879302430707765","0.47132114966228544","","","","","",""
"-0.3692059154243165","-0.4151429132879713","","","","","",""
"-0.3261744664351441","-0.36046916284585967","","","","","",""
"-0.31248852183544207","-0.3494456591121807","","","","","",""
"0.01418218994986393","0.2909430163623928","","","","","",""
"-0.3513127698145289","-0.33680241113471404","","","","","",""
"-0.383831306766375","-0.4010821099572334","","","","","",""
"0.9086524225417572","0.4310489377477788","","","","","",""
"-0.33223191927069906","-0.3884726191119775","","","","","",""
"-0.05109474832058926","-0.7713149261070928","","","","","",""
"-0.3870250916456606","-0.40739529466318747","","","","","",""
"-0.38949301632517147","-0.4122736646633671","","","","","",""
"-0.26643732851268487","-0.3031095833955479","","","","","",""
"0.09667156530352786","0.4093067903132735","","","","","",""
"0.22087008401231126","0.34195490562748326","","","","","",""
"-0.3746854682486597","-0.3830034446633828","","","","","",""
"-0.23440450975796825","-0.3738712662439307","","","","","",""
"0.30743244817488546","-0.30296261632557925","","","","","",""
"-0.3205864994194788","-0.41014676045342435","","","","","",""
"0.07260466332361618","0.31703976544335316","","","","","",""
"-0.30088910790380413","-0.2816523451558273","","","","","",""
"-0.28274679906573424","-0.46942992565397174","","","","","",""
"0.055184018527915144","0.282604212502581","","","","","",""
"-0.3000353830527567","-0.2801356695362907","","","","","",""
"-0.339231833843084","-0.357615663653028","","","","","",""
"-0.02402971321513242","0.2601029394695487","","","","","",""
"-0.37003996296982455","-0.37382063054588","","","","","",""
"0.044845147036289744","0.306861020314422","","","","","",""
"-0.37628236068844084","-0.38616003701663326","","","","","",""
"-0.23976249382764464","-0.3831366022633781","","","","","",""
"-0.2596716708326822","-0.283485525656929","","","","","",""
"1.257889685828125","0.046632846155633276","","","","","",""
"-0.2620505106594058","-0.33913187179616366","","","","","",""
"-0.31477470776715594","-0.39864719045938374","","","","","",""
"0.277152067632595","0.7213705495551771","","","","","",""
"0.3927191050415021","0.2847612418168498","","","","","",""
"-0.3803155211528258","-0.4388261760047786","","","","","",""
"-0.37163685540960567","-0.3769772228991304","","","","","",""
"0.03380467259554633","-0.1565559132863065","","","","","",""
"0.25400096577863535","0.362751279579415","","","","","",""
"-0.19217255735958666","-0.06692220424509598","","","","","",""
"-0.24832248017147954","-0.222608039114071","","","","","",""
"-0.014303186537597209","0.2793294565280188","","","","","",""
"-0.2884216198558071","-0.25717863424280724","","","","","",""
"-0.1709050649317413","-0.02208230025245053","","","","","",""
"-0.32395711299271346","-0.37211573146505617","","","","","",""
"-0.021561788535898217","0.2649813094691815","","","","","",""
"-0.38775095184543545","-0.4088301093689618","","","","","",""
"-0.3714916833696507","-0.37669025995797545","","","","","",""
"-0.3887671561251201","-0.41083884995704595","","","","","",""
"-0.10613573973810296","-0.03093367297669074","","","","","",""
"1.372489547726652","-0.9666436660050538","","","","","",""
"-0.10301825254651034","0.020490238918851714","","","","","",""
"-0.30232647903804205","-0.3293582532302459","","","","","",""
"1.2046897931971432","-0.9833096362339308","","","","","",""
"-0.2779375763242266","-0.28114847911349294","","","","","",""
"-0.2746619327136104","-0.18528597819564488","","","","","",""
"-0.3623917665062926","-0.35813753490193784","","","","","",""
"-0.2035145218998114","-0.268116983138702","","","","","",""
"0.0892361346110013","0.4393028569482116","","","","","",""
"0.18462934373859752","0.3549334215807541","","","","","",""
"0.09162220055882167","0.3546319107368289","","","","","",""
"-0.3714916833696507","-0.37669025995797545","","","","","",""
"-0.3640562526767643","-0.40668632659324544","","","","","",""
"-0.06195365161148957","-0.031620851781357685","","","","","",""
"-0.33679556581820363","-0.3081061170175862","","","","","",""
"-0.3853965425515258","-0.448869878945746","","","","","",""
"0.10341279245035674","0.3332447323362055","","","","","",""
"-0.29036598256567764","-0.35035242544025397","","","","","",""
"-0.34765181216102464","-0.3742595142411043","","","","","",""
"0.06107275885808049","0.3836320463608853","","","","","",""
"0.5468116084322383","-0.893759825541555","","","","","",""
"-0.05076409995709635","0.033894240348803804","","","","","",""
"-0.35639379121322895","-0.3468461140756814","","","","","",""
"1.1848937909433186","-1.4411675501180994","","","","","",""
"-0.38034717780745614","-0.39419499936951646","","","","","",""
"0.11647827604713247","0.3590713970417844","","","","","",""
"-0.06738023925928086","-0.3565690832835569","","","","","",""
"-0.27166352195161647","-0.31344024927821695","","","","","",""
"-0.020311001857854314","-0.3082163786563812","","","","","",""
"1.7630170334553439","-1.4769268618911522","","","","","",""
"0.01914229655926609","-0.1855391703445892","","","","","",""
"-0.8148693393695454","0.2874693372884021","","","","","",""
"1.958955554890812","-0.2689529724289372","","","","","",""
"0.041323845590010885","0.21867490180091198","","","","","",""
"0.013891845869954034","0.2903690904800831","","","","","",""
"-0.34448968393636936","-0.32331515289988816","","","","","",""
"-0.02983659481388385","0.24862442182226","","","","","",""
"-0.14278240711758883","-0.013985980881354311","","","","","",""
"-0.6634597806051399","-1.9500930542428239","","","","","",""
"-0.3880412959253453","-0.4094040352512715","","","","","",""
"1.2126946841324016","-0.6931023299316309","","","","","",""
"-0.12517376359383978","-0.46425958658881733","","","","","",""
"-0.3462000917611985","-0.37138988482900875","","","","","",""
"-0.3883316400052553","-0.4099779611335813","","","","","",""
"-0.3500062214549343","-0.3342197446643202","","","","","",""
"-0.3430972684746434","-0.4098981380509689","","","","","",""
"0.20134088375350118","-0.45109804089044714","","","","","",""
"0.0732674878512154","-0.6595681783694264","","","","","",""
"-0.34266686305451655","-0.4980852236974193","","","","","",""
"0.261463147526945","0.7351011267369332","","","","","",""
"-0.3977678226028805","-0.4286305523097419","","","","","",""
"0.7325800657546988","-1.3228239009264622","","","","","",""
"0.030446817353157362","-0.18383349480375394","","","","","",""
"0.012586245367426224","0.24478669921706217","","","","","",""
"0.21159761887764364","0.502400946874758","","","","","",""
"-0.39442886568391666","-0.42203040466317976","","","","","",""
"-0.38208924228691565","-0.39763855466337494","","","","","",""
"0.3662004072476368","0.40576196362344635","","","","","",""
"-0.08597540955630548","0.04700233793298727","","","","","",""
"0.04357843788833793","0.3070235994436357","","","","","",""
"-0.008601186009315876","0.04609798864084513","","","","","",""
"-0.309585081036343","-0.34370640028908317","","","","","",""
"0.04146012239535302","0.12945530595217028","","","","","",""
"-0.10044237352534847","-0.06437329490600092","","","","","",""
"0.12468950216822706","0.13924088119407582","","","","","",""
"-0.2876641030017618","-0.3003749961719632","","","","","",""
"-0.36292653301175515","-0.3597594464287443","","","","","",""
"-0.03812140780963747","-0.3237884899770513","","","","","",""
"0.20193440550856112","0.3939120765456266","","","","","",""
"0.289005972832743","0.6107210178846263","","","","","",""
"0.11836551256682357","0.36280191527734473","","","","","",""
"0.14656054497370238","0.3738415492292272","","","","","",""
"0.15425466309186817","0.389050585111529","","","","","",""
"0.15728674605582707","0.5298945557418191","","","","","",""
"-0.12134534293559394","-0.10568822212652179","","","","","",""
"-0.3383608016033543","-0.3558938860060987","","","","","",""
"-0.38121821004718587","-0.3959167770164457","","","","","",""
